source	query_id	target_id	jaccard
real_295	17146	119965	0.0
real_295	28014	119988	0.14285714285714285
real_295	36363	120428	0.08
real_295	27741	120506	0.1111111111111111
real_295	27742	120508	0.11764705882352941
real_295	5620	120573	0.2916666666666667
real_295	5618	120574	0.2916666666666667
real_295	5920	120801	0.4166666666666667
real_295	7939	120859	0.4117647058823529
real_295	17653	121622	0.15
real_295	5915	121780	0.25
real_295	18476	122167	0.2
real_295	37327	122463	0.25
real_295	37328	122464	0.25
real_295	6441	122693	0.10344827586206896
real_295	42249	123342	0.18181818181818182
real_295	16718	123559	0.5
real_295	16677	123613	0.9090909090909091
real_295	17691	123704	0.18181818181818182
real_295	41222	124369	0.9285714285714286
real_295	6643	124395	0.7894736842105263
real_295	50871	124409	0.3888888888888889
real_295	16719	124433	0.3902439024390244
real_295	5604	124498	0.18181818181818182
real_295	39408	124568	0.13043478260869565
real_295	17644	124653	0.15789473684210525
real_295	35638	124806	1.0
real_295	6183	124807	1.0
real_295	6184	124808	1.0
real_295	35639	124809	1.0
real_295	6186	124810	1.0
real_295	35640	124811	1.0
real_295	35642	124813	1.0
real_295	35643	124814	1.0
real_295	35644	124816	1.0
real_295	35645	124817	1.0
real_295	35646	124818	1.0
real_295	35647	124819	1.0
real_295	35648	124820	1.0
real_295	35650	124827	1.0
real_295	35651	124828	1.0
real_295	35652	124829	1.0
real_295	35653	124830	1.0
real_295	35661	124840	0.6
real_295	35659	124841	0.5333333333333333
real_295	35660	124842	0.5333333333333333
real_295	35662	124843	0.5333333333333333
real_295	35677	124863	1.0
real_295	35678	124864	1.0
real_295	35663	124868	0.8125
real_295	14589	124873	0.47368421052631576
real_295	8617	124876	0.75
real_295	8618	124877	0.7
real_295	8619	124878	0.7
real_295	8620	124879	0.7
real_295	8615	124883	0.7
real_295	41576	124906	0.8947368421052632
real_295	41575	124908	0.8947368421052632
real_295	41573	124912	0.8461538461538461
real_295	41574	124913	0.8461538461538461
real_295	37368	124917	0.26666666666666666
real_295	35679	124926	0.8181818181818182
real_295	8068	124934	0.6875
real_295	35680	124936	0.8666666666666667
real_295	35681	124970	1.0
real_295	35682	124971	1.0
real_295	29044	124972	0.3888888888888889
real_295	29849	124973	0.3888888888888889
real_295	35683	124974	1.0
real_295	29181	124975	0.3888888888888889
real_295	34158	124976	0.3888888888888889
real_295	35684	124978	1.0
real_295	6197	124992	1.0
real_295	35694	124999	1.0
real_295	35695	125001	0.8571428571428571
real_295	35696	125002	0.8571428571428571
real_295	35697	125004	0.625
real_295	35698	125005	0.625
real_295	12299	125024	0.5
real_295	35699	125035	0.8333333333333334
real_295	6198	125070	1.0
real_295	35704	125079	1.0
real_295	15552	125085	0.14285714285714285
real_295	35705	125093	1.0
real_295	15551	125095	0.3076923076923077
real_295	16700	125098	0.4166666666666667
real_295	12741	125106	0.55
real_295	12740	125107	0.55
real_295	35706	125108	0.8666666666666667
real_295	6024	126721	0.5555555555555556
real_295	34737	126721	0.45454545454545453
real_295	6025	126722	0.6666666666666666
real_295	34757	126722	0.6666666666666666
real_295	6026	126723	0.75
real_295	717	126723	0.75
real_295	6027	126724	0.8095238095238095
real_295	923	126724	0.8095238095238095
real_295	6028	126735	0.7777777777777778
real_295	34835	126735	0.7777777777777778
real_295	6029	126736	0.8
real_295	6030	126737	0.8095238095238095
real_295	6031	126738	0.8095238095238095
real_295	6032	126739	0.8095238095238095
real_295	1422	126740	0.7142857142857143
real_295	6033	126740	0.7142857142857143
real_295	6034	126741	0.8
real_295	6035	126742	0.8
real_295	6036	126743	0.8
real_295	6037	126744	0.7777777777777778
real_295	6038	126745	0.8333333333333334
real_295	6039	126746	0.8333333333333334
real_295	6040	126747	0.8333333333333334
real_295	6041	126748	0.8518518518518519
real_295	48090	126748	0.8518518518518519
real_295	6042	126749	0.84
real_295	15653	126749	0.84
real_295	6043	126750	0.84
real_295	48089	126750	0.84
real_295	6044	126751	0.5555555555555556
real_295	1670	126751	0.5555555555555556
real_295	6045	126752	0.5
real_295	1677	126752	0.5
real_295	6046	126753	0.7333333333333333
real_295	6047	126754	0.8461538461538461
real_295	6048	126755	0.42857142857142855
real_295	2214	126755	0.42857142857142855
real_295	6049	126756	0.42857142857142855
real_295	6050	126757	0.6
real_295	6051	126758	0.7333333333333333
real_295	34972	126758	0.625
real_295	6052	126759	0.75
real_295	34973	126759	0.6470588235294118
real_295	6053	126760	0.8260869565217391
real_295	34976	126760	0.75
real_295	6054	126761	0.8518518518518519
real_295	2235	126761	0.8518518518518519
real_295	2236	126762	0.75
real_295	6055	126762	0.75
real_295	6056	126763	0.8461538461538461
real_295	34997	126763	0.8461538461538461
real_295	6057	126764	0.8461538461538461
real_295	2477	126764	0.8461538461538461
real_295	2616	126765	0.5
real_295	6058	126765	0.5
real_295	6059	126766	0.7777777777777778
real_295	6060	126767	0.6363636363636364
real_295	48078	126767	0.6363636363636364
real_295	6061	126768	0.75
real_295	6062	126769	0.8095238095238095
real_295	2764	126769	0.8095238095238095
real_295	2790	126770	0.7142857142857143
real_295	6063	126770	0.7142857142857143
real_295	2793	126771	0.7142857142857143
real_295	6064	126771	0.7142857142857143
real_295	2804	126772	0.8260869565217391
real_295	6065	126772	0.8260869565217391
real_295	2805	126773	0.8260869565217391
real_295	6066	126773	0.8260869565217391
real_295	2806	126774	0.8333333333333334
real_295	6067	126774	0.8333333333333334
real_295	6068	126775	0.8918918918918919
real_295	35143	126775	0.8461538461538461
real_295	6069	126776	0.8974358974358975
real_295	41609	126776	0.8536585365853658
real_295	6070	126777	0.9047619047619048
real_295	6071	126778	0.3333333333333333
real_295	6072	126779	0.5
real_295	6073	126780	0.7777777777777778
real_295	3540	126780	0.7777777777777778
real_295	6074	126781	0.7777777777777778
real_295	3541	126781	0.7777777777777778
real_295	6075	126782	0.7777777777777778
real_295	3542	126782	0.7777777777777778
real_295	6076	126783	0.7777777777777778
real_295	3543	126783	0.7777777777777778
real_295	6077	126784	0.7777777777777778
real_295	3544	126784	0.7777777777777778
real_295	6078	126785	0.7777777777777778
real_295	23063	126785	0.7777777777777778
real_295	6079	126786	0.7777777777777778
real_295	3546	126786	0.7777777777777778
real_295	3547	126787	0.8181818181818182
real_295	6080	126787	0.8181818181818182
real_295	3548	126788	0.8181818181818182
real_295	6081	126788	0.8181818181818182
real_295	3549	126789	0.8181818181818182
real_295	6082	126789	0.8181818181818182
real_295	3550	126790	0.8181818181818182
real_295	6083	126790	0.8181818181818182
real_295	3551	126791	0.8181818181818182
real_295	6084	126791	0.8181818181818182
real_295	3552	126792	0.8181818181818182
real_295	6085	126792	0.8181818181818182
real_295	3553	126793	0.8181818181818182
real_295	6086	126793	0.8181818181818182
real_295	6087	126794	0.6363636363636364
real_295	47089	126794	0.12
real_295	6088	126795	0.6363636363636364
real_295	6089	126796	0.6363636363636364
real_295	6090	126797	0.6666666666666666
real_295	6091	126798	0.6363636363636364
real_295	6092	126799	0.8
real_295	6093	126800	0.8
real_295	6094	126801	0.7894736842105263
real_295	35267	126801	0.6666666666666666
real_295	6095	126802	0.8
real_295	6096	126803	0.8095238095238095
real_295	3632	126804	0.8
real_295	6097	126804	0.8
real_295	3633	126805	0.8
real_295	6098	126805	0.8
real_295	6099	126806	0.8095238095238095
real_295	6100	126807	0.8181818181818182
real_295	6101	126808	0.8181818181818182
real_295	32830	126808	0.625
real_295	6102	126809	0.8181818181818182
real_295	6103	126810	0.8181818181818182
real_295	35275	126810	0.7727272727272727
real_295	6104	126811	0.8260869565217391
real_295	35276	126811	0.782608695652174
real_295	6105	126812	0.7647058823529411
real_295	6106	126813	0.7647058823529411
real_295	6107	126814	0.5555555555555556
real_295	6108	126815	0.6
real_295	35294	126815	0.5
real_295	6109	126816	0.6363636363636364
real_295	35304	126816	0.5384615384615384
real_295	6110	126817	0.8571428571428571
real_295	4015	126817	0.8571428571428571
real_295	6111	126818	0.8709677419354839
real_295	4033	126818	0.8709677419354839
real_295	6112	126819	0.8571428571428571
real_295	6113	126820	0.8571428571428571
real_295	6114	126821	0.8461538461538461
real_295	4108	126822	0.7777777777777778
real_295	6115	126822	0.7777777777777778
real_295	6116	126823	0.5
real_295	4160	126823	0.5
real_295	6117	126824	0.7894736842105263
real_295	6118	126825	0.7894736842105263
real_295	6119	126826	0.7894736842105263
real_295	6120	126827	0.7894736842105263
real_295	6121	126828	0.7894736842105263
real_295	6122	126829	0.7894736842105263
real_295	6123	126830	0.7894736842105263
real_295	6124	126831	0.7894736842105263
real_295	6125	126832	0.7894736842105263
real_295	6126	126833	0.7894736842105263
real_295	6127	126834	0.7894736842105263
real_295	6128	126835	0.7894736842105263
real_295	6129	126836	0.7894736842105263
real_295	6130	126837	0.7894736842105263
real_295	6131	126838	0.7894736842105263
real_295	6132	126839	0.8
real_295	6133	126840	0.8
real_295	6134	126841	0.8
real_295	6135	126842	0.8
real_295	6136	126843	0.8
real_295	6137	126844	0.8
real_295	39016	126844	0.8
real_295	6138	126845	0.8
real_295	6139	126846	0.8
real_295	21562	126846	0.8
real_295	6140	126847	0.8
real_295	23778	126847	0.5517241379310345
real_295	6141	126848	0.8
real_295	6142	126849	0.8
real_295	6143	126850	0.8
real_295	24316	126850	0.15384615384615385
real_295	6144	126851	0.8
real_295	24318	126851	0.15384615384615385
real_295	6145	126852	0.8
real_295	24312	126852	0.16
real_295	6146	126853	0.8
real_295	24323	126853	0.15384615384615385
real_295	6147	126854	0.8
real_295	24325	126854	0.15384615384615385
real_295	6148	126855	0.8
real_295	24326	126855	0.15384615384615385
real_295	6149	126856	0.8
real_295	24319	126856	0.16
real_295	6150	126857	0.8
real_295	24321	126857	0.16
real_295	6151	126858	0.8
real_295	24343	126858	0.15384615384615385
real_295	6152	126859	0.8
real_295	24344	126859	0.15384615384615385
real_295	6153	126860	0.8
real_295	23626	126860	0.5652173913043478
real_295	11922	126860	0.5217391304347826
real_295	6154	126861	0.8
real_295	24287	126861	0.15384615384615385
real_295	6155	126862	0.8
real_295	13500	126862	0.7142857142857143
real_295	6156	126863	0.8
real_295	24285	126863	0.16
real_295	6157	126864	0.7647058823529411
real_295	6158	126865	0.7647058823529411
real_295	21414	126865	0.09090909090909091
real_295	18956	126865	0.07692307692307693
real_295	6159	126866	0.7647058823529411
real_295	21415	126866	0.09090909090909091
real_295	10242	126866	0.1111111111111111
real_295	8180	126866	0.07407407407407407
real_295	8179	126866	0.07692307692307693
real_295	6160	126867	0.7647058823529411
real_295	17084	126867	0.19047619047619047
real_295	4196	126868	0.5
real_295	6161	126868	0.5
real_295	4196	126868	0.5
real_295	6162	126869	0.42857142857142855
real_295	6163	126870	0.5
real_295	4226	126870	0.25
real_295	6164	126871	0.3333333333333333
real_295	6165	126872	0.8095238095238095
real_295	4310	126872	0.8095238095238095
real_295	35436	126872	0.6521739130434783
real_295	6166	126873	0.6923076923076923
real_295	4478	126873	0.6923076923076923
real_295	4488	126874	0.6666666666666666
real_295	6174	126874	0.6666666666666666
real_295	4488	126874	0.6666666666666666
real_295	6175	126875	0.7142857142857143
real_295	4619	126875	0.7142857142857143
real_295	35561	126875	0.7142857142857143
real_295	6176	126876	0.7647058823529411
real_295	48269	126876	0.35
real_295	4856	126877	0.6
real_295	6177	126877	0.6
real_295	10240	126877	0.3
real_295	4856	126877	0.6
real_295	6178	126878	0.6923076923076923
real_295	6910	126878	0.21428571428571427
real_295	6908	126878	0.21428571428571427
real_295	6912	126878	0.21428571428571427
real_295	6179	126879	0.7894736842105263
real_295	3646	126879	0.47619047619047616
real_295	5022	126879	0.5238095238095238
real_295	6180	126880	0.75
real_295	6179	126880	0.2916666666666667
real_295	5020	126880	0.47058823529411764
real_295	6181	126881	0.875
real_295	5287	126881	0.875
real_295	35637	126881	0.875
real_295	6182	126882	0.875
real_295	48551	126882	0.34375
real_295	6183	126883	0.875
real_295	5289	126883	0.875
real_295	6184	126884	0.875
real_295	5290	126884	0.875
real_295	6185	126885	0.875
real_295	35639	126885	0.875
real_295	48550	126885	0.34375
real_295	6186	126886	0.875
real_295	5292	126886	0.875
real_295	6187	126887	0.875
real_295	5293	126887	0.875
real_295	35640	126887	0.875
real_295	6188	126888	0.875
real_295	5294	126888	0.875
real_295	35641	126888	0.875
real_295	6189	126889	0.875
real_295	5295	126889	0.875
real_295	35642	126889	0.875
real_295	6190	126890	0.875
real_295	5296	126890	0.875
real_295	35643	126890	0.875
real_295	5297	126891	0.875
real_295	6191	126891	0.875
real_295	5297	126891	0.875
real_295	38612	126891	0.8181818181818182
real_295	25272	126891	0.875
real_295	6192	126892	0.875
real_295	5298	126892	0.875
real_295	35644	126892	0.875
real_295	6193	126893	0.875
real_295	5299	126893	0.875
real_295	35645	126893	0.875
real_295	6194	126894	0.875
real_295	5300	126894	0.875
real_295	35646	126894	0.875
real_295	6195	126895	0.875
real_295	25273	126895	0.8181818181818182
real_295	35647	126895	0.875
real_295	5301	126895	0.875
real_295	11767	126895	0.7878787878787878
real_295	6196	126896	0.875
real_295	5302	126896	0.875
real_295	35648	126896	0.875
real_295	6197	126897	0.7333333333333333
real_295	35688	126897	0.7333333333333333
real_295	5474	126897	0.7333333333333333
real_295	6198	126898	0.84
real_295	6199	126899	0.8461538461538461
real_295	35700	126899	0.8461538461538461
real_295	5553	126899	0.8461538461538461
real_295	6214	126900	0.8518518518518519
real_295	2318	126900	0.7857142857142857
real_295	6215	126901	0.84
real_295	6216	126902	0.8461538461538461
real_295	6217	126902	0.7407407407407407
real_295	19971	126902	0.25
real_295	45473	126902	0.7407407407407407
real_295	12811	126902	0.11764705882352941
real_295	6217	126903	0.84
real_295	6216	126903	0.7407407407407407
real_295	12811	126903	0.13253012048192772
real_295	45473	126903	0.84
real_295	19971	126903	0.2222222222222222
real_295	6218	126904	0.7777777777777778
real_295	6219	126905	0.8666666666666667
real_295	39234	126905	0.7272727272727273
real_295	39524	126905	0.7272727272727273
real_295	6221	126905	0.6486486486486487
real_295	39652	126905	0.7272727272727273
real_295	35140	126905	0.7272727272727273
real_295	6220	126906	0.8095238095238095
real_295	6221	126907	0.8857142857142857
real_295	39524	126907	0.7714285714285715
real_295	6222	126908	0.8095238095238095
real_295	6223	126909	0.8095238095238095
real_295	6224	126910	0.8181818181818182
real_295	6225	126911	0.8181818181818182
real_295	6444	127625	0.875
real_295	6443	127626	0.6
real_295	6451	127634	0.8181818181818182
real_295	6452	127635	0.8181818181818182
real_295	6459	127635	0.48148148148148145
real_295	6453	127636	0.8095238095238095
real_295	6040	127636	0.4642857142857143
real_295	6459	127636	0.56
real_295	6454	127637	0.8095238095238095
real_295	1621	127637	0.56
real_295	6455	127638	0.8095238095238095
real_295	6458	127638	0.56
real_295	6456	127639	0.8181818181818182
real_295	1618	127639	0.56
real_295	16554	127639	0.3548387096774194
real_295	6457	127640	0.8181818181818182
real_295	16554	127640	0.4
real_295	6041	127640	0.40625
real_295	6458	127641	0.8181818181818182
real_295	6042	127641	0.43333333333333335
real_295	15653	127641	0.43333333333333335
real_295	6459	127642	0.8181818181818182
real_295	48089	127642	0.43333333333333335
real_295	6460	127643	0.8181818181818182
real_295	6461	127644	0.7894736842105263
real_295	6462	127645	0.7777777777777778
real_295	6463	127646	0.8666666666666667
real_295	6464	127647	0.6363636363636364
real_295	48078	127647	0.6363636363636364
real_295	46211	127647	0.09523809523809523
real_295	6060	127647	0.6363636363636364
real_295	6465	127648	0.8857142857142857
real_295	6466	127649	0.8518518518518519
real_295	6467	127650	0.8666666666666667
real_295	6468	127651	0.8
real_295	6469	127652	0.75
real_295	6470	127653	0.75
real_295	6471	127654	0.7142857142857143
real_295	3234	127654	0.35294117647058826
real_295	6472	127655	0.6
real_295	6473	127655	0.6
real_295	6088	127655	0.21428571428571427
real_295	46152	127655	0.1724137931034483
real_295	6473	127656	0.6
real_295	6472	127656	0.6
real_295	6088	127656	0.21428571428571427
real_295	46153	127656	0.1724137931034483
real_295	46152	127656	0.1724137931034483
real_295	6474	127657	0.8518518518518519
real_295	4149	127657	0.7666666666666667
real_295	4147	127657	0.5277777777777778
real_295	4148	127657	0.5277777777777778
real_295	4146	127657	0.5277777777777778
real_295	4152	127657	0.425
real_295	4150	127657	0.4864864864864865
real_295	6475	127658	0.8823529411764706
real_295	4246	127658	0.375
real_295	35423	127658	0.375
real_295	6476	127659	0.8095238095238095
real_295	6477	127660	0.8461538461538461
real_295	16560	127660	0.27586206896551724
real_295	6478	127661	0.8333333333333334
real_295	6479	127662	0.6666666666666666
real_295	48065	127662	0.4444444444444444
real_295	6480	127663	0.5555555555555556
real_295	4977	127663	0.5555555555555556
real_295	41647	127663	0.5555555555555556
real_295	46466	127663	0.5555555555555556
real_295	6481	127664	0.6363636363636364
real_295	25143	127664	0.2777777777777778
real_295	4984	127664	0.2857142857142857
real_295	6482	127664	0.6363636363636364
real_295	6482	127665	0.6363636363636364
real_295	4984	127665	0.2857142857142857
real_295	25143	127665	0.2777777777777778
real_295	6481	127665	0.6363636363636364
real_295	6483	127666	0.7647058823529411
real_295	15501	127666	0.65
real_295	6484	127667	0.8095238095238095
real_295	6485	127668	0.7142857142857143
real_295	6486	127669	0.7142857142857143
real_295	6087	127669	0.16666666666666666
real_295	12852	127669	0.0625
real_295	3585	127669	0.18181818181818182
real_295	6487	127670	0.3333333333333333
real_295	25486	127670	0.0
real_295	6488	127671	0.8
real_295	6489	127672	0.75
real_295	6490	127673	0.7333333333333333
real_295	11873	127673	0.1111111111111111
real_295	6491	127674	0.7333333333333333
real_295	17672	127674	0.7333333333333333
real_295	6492	127675	0.7333333333333333
real_295	17673	127675	0.7333333333333333
real_295	11874	127675	0.0967741935483871
real_295	6493	127676	0.7333333333333333
real_295	44898	127676	0.3684210526315789
real_295	45236	127676	0.3684210526315789
real_295	44899	127676	0.28
real_295	6494	127677	0.7333333333333333
real_295	11872	127677	0.11475409836065574
real_295	6495	127678	0.7333333333333333
real_295	12567	127678	0.2222222222222222
real_295	6496	127679	0.7647058823529411
real_295	6497	127680	0.7894736842105263
real_295	6498	127681	0.6363636363636364
real_295	42035	127681	0.17647058823529413
real_295	780	127681	0.2
real_295	6499	127682	0.7647058823529411
real_295	10799	127682	0.23809523809523808
real_295	11214	127682	0.15789473684210525
real_295	44888	127682	0.15789473684210525
real_295	8252	127682	0.23809523809523808
real_295	6500	127683	0.6
real_295	28111	127683	0.1875
real_295	28524	127683	0.1875
real_295	861	127683	0.2777777777777778
real_295	28819	127683	0.1875
real_295	6501	127684	0.8947368421052632
real_295	6502	127684	0.6585365853658537
real_295	6502	127685	0.8823529411764706
real_295	6501	127685	0.6585365853658537
real_295	6503	127686	0.7647058823529411
real_295	6517	127686	0.45454545454545453
real_295	6504	127687	0.7894736842105263
real_295	6505	127688	0.8333333333333334
real_295	6506	127689	0.8095238095238095
real_295	6507	127690	0.7333333333333333
real_295	6508	127691	0.7777777777777778
real_295	1331	127691	0.391304347826087
real_295	6509	127692	0.7894736842105263
real_295	6510	127693	0.7777777777777778
real_295	6511	127694	0.7894736842105263
real_295	6512	127695	0.7333333333333333
real_295	6513	127696	0.75
real_295	6514	127697	0.7777777777777778
real_295	6515	127698	0.42857142857142855
real_295	6516	127698	0.3
real_295	6516	127699	0.6
real_295	6515	127699	0.3
real_295	6517	127700	0.7894736842105263
real_295	6503	127700	0.45454545454545453
real_295	6518	127701	0.7894736842105263
real_295	6519	127702	0.7894736842105263
real_295	6520	127703	0.8
real_295	11703	127703	0.38095238095238093
real_295	6521	127704	0.7333333333333333
real_295	47189	127704	0.4375
real_295	47965	127704	0.4375
real_295	6522	127705	0.6
real_295	1671	127705	0.36363636363636365
real_295	6523	127706	0.8709677419354839
real_295	6524	127707	0.8666666666666667
real_295	6525	127708	0.6923076923076923
real_295	6526	127709	0.8260869565217391
real_295	2017	127709	0.6521739130434783
real_295	6527	127710	0.6
real_295	6528	127711	0.8
real_295	6529	127712	0.8
real_295	6530	127713	0.7894736842105263
real_295	11361	127713	0.75
real_295	6531	127714	0.7894736842105263
real_295	6532	127715	0.7894736842105263
real_295	6533	127716	0.7777777777777778
real_295	6534	127717	0.7777777777777778
real_295	6535	127718	0.7777777777777778
real_295	6536	127719	0.7777777777777778
real_295	6537	127720	0.7777777777777778
real_295	6538	127721	0.7894736842105263
real_295	6539	127722	0.7894736842105263
real_295	6540	127723	0.7894736842105263
real_295	6541	127724	0.7894736842105263
real_295	6542	127725	0.7894736842105263
real_295	6543	127726	0.8
real_295	6544	127727	0.7894736842105263
real_295	6545	127728	0.6363636363636364
real_295	6546	127729	0.8518518518518519
real_295	6547	127730	0.8518518518518519
real_295	6548	127731	0.8518518518518519
real_295	6549	127732	0.8518518518518519
real_295	6550	127733	0.8518518518518519
real_295	6551	127734	0.8095238095238095
real_295	6552	127735	0.2
real_295	6553	127736	0.5
real_295	6554	127737	0.8095238095238095
real_295	6555	127738	0.8333333333333334
real_295	6556	127739	0.8620689655172413
real_295	6557	127740	0.8260869565217391
real_295	25130	127740	0.5769230769230769
real_295	6558	127741	0.8181818181818182
real_295	12644	127741	0.14666666666666667
real_295	6559	127742	0.6666666666666666
real_295	6560	127743	0.7647058823529411
real_295	6561	127744	0.7647058823529411
real_295	6562	127745	0.7647058823529411
real_295	6563	127746	0.7647058823529411
real_295	6564	127747	0.7647058823529411
real_295	6565	127748	0.7647058823529411
real_295	6566	127749	0.7647058823529411
real_295	6567	127750	0.7647058823529411
real_295	6568	127751	0.8260869565217391
real_295	6569	127752	0.42857142857142855
real_295	6570	127753	0.8571428571428571
real_295	6571	127754	0.8620689655172413
real_295	6572	127755	0.84
real_295	6573	127756	0.8918918918918919
real_295	6574	127757	0.8918918918918919
real_295	2888	127757	0.8421052631578947
real_295	6579	127757	0.7368421052631579
real_295	6575	127758	0.875
real_295	2891	127758	0.875
real_295	6576	127759	0.875
real_295	2891	127759	0.6666666666666666
real_295	6575	127759	0.6666666666666666
real_295	6577	127760	0.8709677419354839
real_295	6578	127761	0.875
real_295	6579	127762	0.8787878787878788
real_295	6580	127763	0.84
real_295	2898	127763	0.84
real_295	6581	127764	0.8461538461538461
real_295	6572	127764	0.6785714285714286
real_295	2881	127764	0.59375
real_295	6582	127765	0.9024390243902439
real_295	6584	127765	0.6956521739130435
real_295	6583	127765	0.6956521739130435
real_295	6583	127766	0.9024390243902439
real_295	6582	127766	0.6956521739130435
real_295	6584	127767	0.9024390243902439
real_295	6583	127767	0.7333333333333333
real_295	6582	127767	0.6956521739130435
real_295	6585	127768	0.5555555555555556
real_295	6586	127769	0.8823529411764706
real_295	35019	127769	0.8235294117647058
real_295	2398	127769	0.8235294117647058
real_295	6587	127770	0.8888888888888888
real_295	2399	127770	0.7777777777777778
real_295	35020	127770	0.7777777777777778
real_295	6588	127771	0.84
real_295	7062	127771	0.8846153846153846
real_295	7074	127771	0.8846153846153846
real_295	11478	127771	0.4
real_295	16756	127771	0.2857142857142857
real_295	3246	127771	0.68
real_295	6589	127772	0.8518518518518519
real_295	6590	127773	0.8518518518518519
real_295	6591	127774	0.8518518518518519
real_295	6592	127775	0.8518518518518519
real_295	6593	127776	0.7894736842105263
real_295	3613	127776	0.7
real_295	6594	127777	0.7894736842105263
real_295	3614	127777	0.7
real_295	6595	127778	0.6
real_295	23234	127779	0.5
real_295	6596	127779	0.7333333333333333
real_295	6597	127780	0.8181818181818182
real_295	6598	127781	0.8
real_295	6599	127782	0.8095238095238095
real_295	6600	127783	0.8095238095238095
real_295	6601	127784	0.42857142857142855
real_295	6602	127785	0.7647058823529411
real_295	6603	127786	0.5
real_295	34521	127786	0.2
real_295	6604	127787	0.8518518518518519
real_295	6605	127788	0.8518518518518519
real_295	6607	127788	0.6666666666666666
real_295	6606	127788	0.5294117647058824
real_295	6606	127789	0.8620689655172413
real_295	6607	127789	0.625
real_295	6605	127789	0.5294117647058824
real_295	6607	127790	0.8518518518518519
real_295	6606	127790	0.625
real_295	6605	127790	0.6666666666666666
real_295	6608	127791	0.8181818181818182
real_295	6609	127792	0.6923076923076923
real_295	6610	127793	0.8518518518518519
real_295	4155	127793	0.47368421052631576
real_295	4151	127793	0.47368421052631576
real_295	4152	127793	0.46153846153846156
real_295	4150	127793	0.6176470588235294
real_295	4126	127793	0.5675675675675675
real_295	4124	127793	0.5675675675675675
real_295	6611	127794	0.8095238095238095
real_295	32825	127795	0.7727272727272727
real_295	32831	127795	0.7727272727272727
real_295	6612	127795	0.8181818181818182
real_295	6613	127796	0.7894736842105263
real_295	6614	127797	0.8181818181818182
real_295	6615	127798	0.6363636363636364
real_295	6616	127799	0.75
real_295	6617	127800	0.7777777777777778
real_295	6618	127801	0.8095238095238095
real_295	6619	127802	0.2
real_295	6620	127803	0.5555555555555556
real_295	6621	127804	0.5
real_295	6622	127805	0.42857142857142855
real_295	4374	127805	0.3333333333333333
real_295	6623	127806	0.5555555555555556
real_295	6624	127807	0.8095238095238095
real_295	6625	127808	0.42857142857142855
real_295	25488	127808	0.1111111111111111
real_295	14195	127808	0.1111111111111111
real_295	6626	127809	0.5
real_295	6627	127810	0.6666666666666666
real_295	6628	127811	0.8974358974358975
real_295	6629	127812	0.9024390243902439
real_295	6630	127813	0.5
real_295	6631	127814	0.6923076923076923
real_295	6632	127815	0.6923076923076923
real_295	6633	127816	0.6923076923076923
real_295	6634	127817	0.6923076923076923
real_295	6635	127818	0.6923076923076923
real_295	6636	127819	0.6923076923076923
real_295	6637	127820	0.6923076923076923
real_295	6638	127821	0.6923076923076923
real_295	6639	127822	0.7777777777777778
real_295	6640	127823	0.8
real_295	6641	127824	0.8181818181818182
real_295	6642	127825	0.8181818181818182
real_295	6644	127827	0.8095238095238095
real_295	48004	127827	0.8095238095238095
real_295	4888	127827	0.8095238095238095
real_295	41627	127827	0.8095238095238095
real_295	31784	127827	0.20833333333333334
real_295	6645	127828	0.8095238095238095
real_295	31785	127828	0.30434782608695654
real_295	34670	127828	0.5217391304347826
real_295	41628	127828	0.8095238095238095
real_295	6646	127829	0.7894736842105263
real_295	4903	127829	0.7894736842105263
real_295	6647	127830	0.8
real_295	6648	127831	0.8181818181818182
real_295	5028	127831	0.5652173913043478
real_295	5041	127831	0.64
real_295	5029	127831	0.6956521739130435
real_295	5027	127831	0.5185185185185185
real_295	5018	127831	0.52
real_295	6649	127832	0.8
real_295	35613	127832	0.38461538461538464
real_295	5026	127832	0.625
real_295	5019	127832	0.5833333333333334
real_295	35614	127832	0.4230769230769231
real_295	35612	127832	0.3333333333333333
real_295	5025	127832	0.6521739130434783
real_295	6650	127833	0.8620689655172413
real_295	5312	127833	0.7931034482758621
real_295	35653	127833	0.7931034482758621
real_295	6651	127834	0.8620689655172413
real_295	35649	127834	0.7333333333333333
real_295	5307	127834	0.7931034482758621
real_295	6652	127835	0.8620689655172413
real_295	5309	127835	0.7931034482758621
real_295	35650	127835	0.7931034482758621
real_295	6653	127836	0.8620689655172413
real_295	5310	127836	0.7931034482758621
real_295	35651	127836	0.7931034482758621
real_295	6654	127837	0.5555555555555556
real_295	6694	128113	0.5
real_295	6695	128114	0.6666666666666666
real_295	6696	128115	0.8095238095238095
real_295	6697	128115	0.7272727272727273
real_295	1275	128115	0.4090909090909091
real_295	41721	128115	0.14285714285714285
real_295	40451	128115	0.14285714285714285
real_295	6697	128116	0.8095238095238095
real_295	40451	128116	0.14285714285714285
real_295	6696	128116	0.7272727272727273
real_295	1275	128116	0.4090909090909091
real_295	41721	128116	0.14285714285714285
real_295	6698	128117	0.875
real_295	6699	128118	0.875
real_295	1448	128118	0.6857142857142857
real_295	1447	128118	0.7647058823529411
real_295	6700	128119	0.875
real_295	6701	128120	0.875
real_295	1457	128120	0.7647058823529411
real_295	14452	128120	0.325
real_295	1458	128120	0.7647058823529411
real_295	6702	128121	0.875
real_295	1458	128121	0.7647058823529411
real_295	1457	128121	0.7647058823529411
real_295	6701	128121	0.7647058823529411
real_295	14452	128121	0.325
real_295	6703	128122	0.7777777777777778
real_295	6704	128122	0.5238095238095238
real_295	6704	128123	0.7777777777777778
real_295	6703	128123	0.5238095238095238
real_295	6705	128124	0.7894736842105263
real_295	11225	128124	0.10416666666666667
real_295	9758	128124	0.16071428571428573
real_295	11726	128124	0.13636363636363635
real_295	6713	128165	0.8666666666666667
real_295	6825	128344	0.8095238095238095
real_295	20212	128344	0.16
real_295	6826	128345	0.7894736842105263
real_295	6827	128346	0.7894736842105263
real_295	6828	128347	0.7894736842105263
real_295	6829	128348	0.7894736842105263
real_295	6830	128349	0.7894736842105263
real_295	6831	128350	0.8095238095238095
real_295	1276	128350	0.4090909090909091
real_295	6832	128351	0.6666666666666666
real_295	9151	128351	0.2
real_295	7796	129288	0.8095238095238095
real_295	562	129288	0.36363636363636365
real_295	7797	129289	0.8095238095238095
real_295	7798	129290	0.8095238095238095
real_295	7799	129291	0.8095238095238095
real_295	7804	129307	0.8095238095238095
real_295	7805	129308	0.7647058823529411
real_295	7806	129309	0.7647058823529411
real_295	7807	129310	0.8
real_295	1097	129310	0.5
real_295	7808	129311	0.8
real_295	1098	129311	0.5
real_295	7809	129312	0.6363636363636364
real_295	7810	129313	0.6363636363636364
real_295	7811	129314	0.6363636363636364
real_295	7810	129314	0.5
real_295	21733	129314	0.38461538461538464
real_295	7809	129314	0.5
real_295	7812	129315	0.84
real_295	7813	129316	0.84
real_295	7814	129317	0.7647058823529411
real_295	7815	129318	0.7647058823529411
real_295	7816	129319	0.7777777777777778
real_295	7817	129320	0.7647058823529411
real_295	7818	129321	0.7333333333333333
real_295	7819	129322	0.7142857142857143
real_295	7820	129323	0.7647058823529411
real_295	19895	129323	0.3333333333333333
real_295	38492	129323	0.3157894736842105
real_295	3445	129323	0.5882352941176471
real_295	7821	129324	0.75
real_295	7822	129325	0.7647058823529411
real_295	4970	129325	0.4230769230769231
real_295	7823	129326	0.8333333333333334
real_295	7824	129327	0.75
real_295	7825	129328	0.8
real_295	5338	129328	0.5909090909090909
real_295	7826	129329	0.7647058823529411
real_295	14547	129329	0.47368421052631576
real_295	7800	129332	0.8095238095238095
real_295	7939	129333	0.7894736842105263
real_295	7940	129334	0.7894736842105263
real_295	11828	129334	0.7
real_295	7941	129335	0.7894736842105263
real_295	7942	129336	0.7894736842105263
real_295	7943	129337	0.7894736842105263
real_295	7944	129338	0.7333333333333333
real_295	8461	129447	0.7777777777777778
real_295	22964	134873	0.2857142857142857
real_295	11269	135213	0.5555555555555556
real_295	11414	135213	0.3125
real_295	34631	135213	0.4166666666666667
real_295	46125	135213	0.26666666666666666
real_295	14792	138371	0.8518518518518519
real_295	34799	138371	0.7586206896551724
real_295	34810	138371	0.8518518518518519
real_295	41632	138371	0.7586206896551724
real_295	34811	138372	0.8518518518518519
real_295	14793	138372	0.8518518518518519
real_295	34800	138372	0.7586206896551724
real_295	34805	138564	0.7586206896551724
real_295	34812	138564	0.8518518518518519
real_295	15048	138564	0.8518518518518519
real_295	43524	152140	0.0967741935483871
real_295	42671	152140	0.0967741935483871
real_295	47243	152155	0.36363636363636365
real_295	13380	152156	0.3333333333333333
real_295	21117	152158	0.5
real_295	6523	152163	0.23529411764705882
real_295	44710	152231	0.2608695652173913
real_295	22510	152231	0.2608695652173913
real_295	41058	152265	0.17857142857142858
real_295	41106	152265	0.18518518518518517
real_295	41215	152271	0.2608695652173913
real_295	1657	152274	0.42105263157894735
real_295	22530	152290	0.1111111111111111
real_295	6183	152321	0.9285714285714286
real_295	5289	152321	0.9285714285714286
real_295	6184	152322	0.9285714285714286
real_295	5290	152322	0.9285714285714286
real_295	6186	152323	0.9285714285714286
real_295	5292	152323	0.9285714285714286
real_295	41249	152325	0.4166666666666667
real_295	47223	152325	0.5833333333333334
real_295	2316	152329	0.8571428571428571
real_295	48154	152337	0.8
real_295	42413	152337	0.3684210526315789
real_295	33592	152337	0.1702127659574468
real_295	15983	152337	0.2631578947368421
real_295	13379	152337	0.1794871794871795
real_295	42418	152340	0.5454545454545454
real_295	43314	152340	0.7
real_295	47291	152345	0.36363636363636365
real_295	35260	152345	0.4
real_295	13798	152346	0.25
real_295	13953	152346	0.25
real_295	32184	152355	0.4
real_295	13899	152362	0.3333333333333333
real_295	13744	152362	0.3333333333333333
real_295	12886	152362	0.2727272727272727
real_295	15058	152362	0.16
real_295	18044	152362	0.08333333333333333
real_295	18185	152362	0.08333333333333333
real_295	18329	152362	0.08333333333333333
real_295	30473	152362	0.10526315789473684
real_295	9362	152363	0.375
real_295	16647	152363	0.3333333333333333
real_295	40839	152364	0.125
real_295	12694	152364	0.1111111111111111
real_295	1324	152365	0.26666666666666666
real_295	45285	152366	0.16666666666666666
real_295	32180	152366	0.18181818181818182
real_295	43777	152366	0.3333333333333333
real_295	40372	152366	0.3333333333333333
real_295	37628	152367	0.3333333333333333
real_295	33596	152371	0.1794871794871795
real_295	42356	152371	0.35294117647058826
real_295	6558	152372	0.7777777777777778
real_295	12644	152372	0.13043478260869565
real_295	28027	152372	0.19047619047619047
real_295	2694	152374	1.0
real_295	12639	152379	0.0707070707070707
real_295	31369	152380	0.25
synthetic_4851	13645	21010	0.2916666666666667
synthetic_4851	13646	21010	0.2916666666666667
synthetic_4851	13647	21010	0.28
synthetic_4851	13648	21013	0.2916666666666667
synthetic_4851	13649	21013	0.2916666666666667
synthetic_4851	13650	21013	0.23076923076923078
synthetic_4851	13675	21008	0.2916666666666667
synthetic_4851	13676	21008	0.2916666666666667
synthetic_4851	13677	21008	0.23076923076923078
synthetic_4851	13678	21009	0.2916666666666667
synthetic_4851	13679	21009	0.2916666666666667
synthetic_4851	13680	21009	0.21428571428571427
synthetic_4851	13681	21011	0.32
synthetic_4851	13682	21011	0.32
synthetic_4851	13683	21011	0.25
synthetic_4851	13684	21012	0.32
synthetic_4851	13685	21012	0.32
synthetic_4851	13686	21012	0.25
synthetic_4851	13651	39747	0.09090909090909091
synthetic_4851	13652	39747	0.2608695652173913
synthetic_4851	13653	39747	0.22727272727272727
synthetic_4851	13654	9836	0.4
synthetic_4851	13655	9836	0.375
synthetic_4851	13656	9836	0.4666666666666667
synthetic_4851	13657	9838	0.4
synthetic_4851	13658	9838	0.25
synthetic_4851	13659	9838	0.375
synthetic_4851	13660	3529	0.4666666666666667
synthetic_4851	13661	3529	0.6428571428571429
synthetic_4851	13662	3529	0.6
synthetic_4851	13687	3542	0.4666666666666667
synthetic_4851	13688	3542	0.6428571428571429
synthetic_4851	13689	3542	0.6
synthetic_4851	13690	3536	0.4666666666666667
synthetic_4851	13691	3536	0.6428571428571429
synthetic_4851	13692	3536	0.6
synthetic_4851	13663	1956	0.4117647058823529
synthetic_4851	13664	1956	0.5625
synthetic_4851	13665	1956	0.4117647058823529
synthetic_4851	13666	3529	0.4
synthetic_4851	13667	3529	0.4666666666666667
synthetic_4851	13668	3529	0.5714285714285714
synthetic_4851	13669	3904	0.45454545454545453
synthetic_4851	13670	3904	0.8
synthetic_4851	13671	3904	0.5
synthetic_4851	13672	3904	0.38461538461538464
synthetic_4851	13673	3904	0.9
synthetic_4851	13674	3904	0.45454545454545453
