recall;bm25;e5;e5_hybrid;bge_m3;bge_m3_hybrid
0.000000000;1.000000;1.000000;1.000000;1.000000;1.000000
0.002591000;0.444444;0.250000;0.534351;0.298755;0.547988
0.005181000;0.444444;0.250000;0.534351;0.298755;0.547988
0.007772000;0.444444;0.250000;0.534351;0.298755;0.547988
0.010363000;0.444444;0.210526;0.534351;0.298755;0.547988
0.012953000;0.444444;0.185185;0.534351;0.298755;0.547988
0.015544000;0.444444;0.167683;0.534351;0.298755;0.547988
0.018135000;0.444444;0.167683;0.534351;0.298755;0.547988
0.020725000;0.444444;0.167683;0.534351;0.298755;0.547988
0.023316000;0.434783;0.167683;0.534351;0.298755;0.547988
0.025907000;0.434783;0.167683;0.534351;0.298755;0.547988
0.028497000;0.400000;0.167683;0.534351;0.298755;0.547988
0.031088000;0.400000;0.167683;0.534351;0.298755;0.547988
0.033679000;0.400000;0.167683;0.534351;0.298755;0.547988
0.036269000;0.400000;0.167683;0.534351;0.298755;0.547988
0.038860000;0.400000;0.167683;0.534351;0.298755;0.547988
0.041451000;0.400000;0.167683;0.534351;0.298755;0.547988
0.044041000;0.400000;0.167683;0.534351;0.298755;0.547988
0.046632000;0.400000;0.167683;0.534351;0.298755;0.547988
0.049223000;0.400000;0.167683;0.534351;0.298755;0.547988
0.051813000;0.400000;0.167683;0.534351;0.298755;0.547988
0.054404000;0.400000;0.167683;0.534351;0.298755;0.547988
0.056995000;0.400000;0.167683;0.534351;0.298755;0.547988
0.059585000;0.400000;0.167683;0.534351;0.298755;0.547988
0.062176000;0.400000;0.167683;0.534351;0.298755;0.547988
0.064767000;0.400000;0.167683;0.534351;0.298755;0.547988
0.067358000;0.400000;0.167683;0.534351;0.298755;0.547988
0.069948000;0.400000;0.167683;0.534351;0.298755;0.547988
0.072539000;0.400000;0.167683;0.534351;0.298755;0.547988
0.075130000;0.400000;0.167683;0.534351;0.298755;0.547988
0.077720000;0.400000;0.167683;0.534351;0.298755;0.547988
0.080311000;0.400000;0.167683;0.534351;0.298755;0.547988
0.082902000;0.400000;0.167683;0.534351;0.298755;0.547988
0.085492000;0.400000;0.167683;0.534351;0.298755;0.547988
0.088083000;0.400000;0.167683;0.534351;0.298755;0.547988
0.090674000;0.400000;0.167683;0.534351;0.298755;0.547988
0.093264000;0.400000;0.167683;0.534351;0.298755;0.547988
0.095855000;0.400000;0.167683;0.534351;0.298755;0.547988
0.098446000;0.400000;0.167683;0.534351;0.298755;0.547988
0.101036000;0.400000;0.167683;0.534351;0.298755;0.547988
0.103627000;0.400000;0.167683;0.534351;0.298755;0.547988
0.106218000;0.400000;0.167683;0.534351;0.298755;0.547988
0.108808000;0.400000;0.167683;0.534351;0.298755;0.547988
0.111399000;0.400000;0.167683;0.534351;0.298755;0.547988
0.113990000;0.400000;0.167683;0.534351;0.298755;0.547988
0.116580000;0.400000;0.167683;0.534351;0.298755;0.547988
0.119171000;0.400000;0.167683;0.534351;0.298755;0.547988
0.121762000;0.400000;0.167683;0.534351;0.298755;0.547988
0.124352000;0.400000;0.167683;0.534351;0.298755;0.547988
0.126943000;0.400000;0.167683;0.534351;0.298755;0.547988
0.129534000;0.400000;0.167683;0.534351;0.298755;0.547988
0.132124000;0.400000;0.167683;0.534351;0.298755;0.547988
0.134715000;0.400000;0.167683;0.534351;0.298755;0.547988
0.137306000;0.400000;0.167683;0.534351;0.298755;0.547988
0.139896000;0.400000;0.167683;0.534351;0.298755;0.547988
0.142487000;0.400000;0.167683;0.534351;0.298755;0.547988
0.145078000;0.400000;0.166181;0.534351;0.298755;0.547988
0.147668000;0.400000;0.166181;0.534351;0.298755;0.547988
0.150259000;0.400000;0.160804;0.534351;0.298755;0.547988
0.152850000;0.400000;0.160804;0.534351;0.298755;0.547988
0.155440000;0.400000;0.160804;0.534351;0.298755;0.547988
0.158031000;0.400000;0.160804;0.534351;0.298755;0.547988
0.160622000;0.400000;0.160804;0.534351;0.298755;0.547988
0.163212000;0.384615;0.160804;0.534351;0.298755;0.547988
0.165803000;0.384615;0.160804;0.534351;0.298755;0.547988
0.168394000;0.384615;0.157895;0.534351;0.298755;0.547988
0.170984000;0.328767;0.157895;0.534351;0.298755;0.547988
0.173575000;0.328767;0.152968;0.534351;0.298755;0.547988
0.176166000;0.328767;0.152125;0.534351;0.298755;0.547988
0.178756000;0.328767;0.150743;0.534351;0.298755;0.547988
0.181347000;0.328767;0.150743;0.534351;0.298755;0.547988
0.183938000;0.328767;0.150743;0.534351;0.298755;0.547988
0.186528000;0.328767;0.142857;0.534351;0.298755;0.547988
0.189119000;0.326271;0.139579;0.534351;0.296748;0.547988
0.191710000;0.326271;0.132379;0.534351;0.296154;0.547988
0.194301000;0.326271;0.126689;0.534351;0.296154;0.547988
0.196891000;0.326271;0.125407;0.534351;0.296154;0.547988
0.199482000;0.326271;0.125407;0.534351;0.296154;0.547988
0.202073000;0.319549;0.123348;0.534351;0.287273;0.547988
0.204663000;0.319549;0.123348;0.534351;0.287273;0.547988
0.207254000;0.319549;0.123348;0.534351;0.285714;0.547988
0.209845000;0.319549;0.123348;0.534351;0.282759;0.547988
0.212435000;0.319549;0.123348;0.534351;0.282759;0.547988
0.215026000;0.319549;0.123348;0.534351;0.266881;0.547988
0.217617000;0.319549;0.123348;0.534351;0.265823;0.547988
0.220207000;0.319549;0.117080;0.534351;0.254491;0.547988
0.222798000;0.307143;0.116373;0.534351;0.234332;0.547988
0.225389000;0.270195;0.111396;0.534351;0.231579;0.547988
0.227979000;0.270195;0.110831;0.534351;0.231579;0.547988
0.230570000;0.270195;0.110294;0.534351;0.227621;0.547988
0.233161000;0.270195;0.110294;0.534351;0.218978;0.547988
0.235751000;0.270195;0.107143;0.534351;0.216981;0.547988
0.238342000;0.270195;0.107143;0.534351;0.216981;0.547988
0.240933000;0.270195;0.107143;0.534351;0.203501;0.547988
0.243523000;0.270195;0.107143;0.534351;0.200855;0.547988
0.246114000;0.270195;0.107143;0.534351;0.194672;0.547988
0.248705000;0.270195;0.107143;0.534351;0.186090;0.547988
0.251295000;0.270195;0.106870;0.534351;0.186090;0.547988
0.253886000;0.217300;0.106870;0.534351;0.186090;0.547988
0.256477000;0.217300;0.105431;0.534351;0.186090;0.547988
0.259067000;0.217300;0.105263;0.534351;0.170358;0.547988
0.261658000;0.217300;0.105263;0.534351;0.168614;0.547988
0.264249000;0.217300;0.105263;0.534351;0.161392;0.547988
0.266839000;0.217300;0.105263;0.534351;0.157337;0.547988
0.269430000;0.192593;0.105263;0.534351;0.157337;0.547988
0.272021000;0.185567;0.105263;0.534351;0.156951;0.547988
0.274611000;0.185567;0.105263;0.534351;0.140770;0.547988
0.277202000;0.185567;0.105263;0.534351;0.138601;0.547988
0.279793000;0.185567;0.105263;0.534351;0.126464;0.547988
0.282383000;0.157459;0.104306;0.534351;0.120575;0.547988
0.284974000;0.157459;0.104278;0.534351;0.120350;0.547988
0.287565000;0.157459;0.104278;0.534351;0.118337;0.547988
0.290155000;0.157459;0.104278;0.534351;0.109482;0.547988
0.292746000;0.157459;0.104278;0.534351;0.108968;0.547988
0.295337000;0.157459;0.104278;0.534351;0.103697;0.547988
0.297927000;0.152344;0.104278;0.534351;0.103697;0.547988
0.300518000;0.152344;0.104278;0.534351;0.103111;0.547988
0.303109000;0.152344;0.104278;0.534351;0.099829;0.547988
0.305699000;0.151707;0.104203;0.534351;0.099410;0.547988
0.308290000;0.151707;0.104203;0.534351;0.099167;0.547988
0.310881000;0.151707;0.103359;0.534351;0.098526;0.547988
0.313472000;0.149165;0.098534;0.534351;0.098526;0.547988
0.316062000;0.149165;0.097994;0.534351;0.098526;0.547988
0.318653000;0.149165;0.097994;0.534351;0.098526;0.547988
0.321244000;0.149165;0.097994;0.534351;0.098526;0.547988
0.323834000;0.149165;0.097994;0.534351;0.098526;0.547988
0.326425000;0.138298;0.097994;0.534351;0.098526;0.547988
0.329016000;0.138298;0.097994;0.534351;0.098526;0.547988
0.331606000;0.138298;0.097561;0.534351;0.096823;0.547988
0.334197000;0.138298;0.093818;0.534351;0.096702;0.547988
0.336788000;0.138298;0.091549;0.534351;0.094271;0.547988
0.339378000;0.133400;0.090411;0.534351;0.094245;0.547988
0.341969000;0.133400;0.090411;0.534351;0.093484;0.547988
0.344560000;0.133400;0.088000;0.534351;0.091283;0.547988
0.347150000;0.108477;0.088000;0.534351;0.089592;0.547988
0.349741000;0.108477;0.088000;0.534351;0.089592;0.547988
0.352332000;0.108477;0.088000;0.534351;0.089592;0.547988
0.354922000;0.108477;0.088000;0.534351;0.087954;0.547988
0.357513000;0.108477;0.088000;0.534351;0.087954;0.547988
0.360104000;0.108477;0.088000;0.534351;0.087531;0.547988
0.362694000;0.108477;0.088000;0.534351;0.087530;0.547988
0.365285000;0.108477;0.088000;0.523392;0.087530;0.547988
0.367876000;0.108477;0.088000;0.523392;0.087530;0.547988
0.370466000;0.108477;0.088000;0.523392;0.087530;0.547988
0.373057000;0.108477;0.088000;0.523392;0.087530;0.547988
0.375648000;0.108477;0.088000;0.523392;0.087530;0.547988
0.378238000;0.108477;0.088000;0.523392;0.087530;0.547988
0.380829000;0.108477;0.088000;0.523392;0.085664;0.547988
0.383420000;0.108477;0.088000;0.523392;0.082867;0.547988
0.386010000;0.108477;0.088000;0.523392;0.082192;0.547988
0.388601000;0.108477;0.088000;0.523392;0.082192;0.547988
0.391192000;0.108477;0.088000;0.523392;0.082192;0.547988
0.393782000;0.092747;0.088000;0.523392;0.082192;0.547988
0.396373000;0.092747;0.088000;0.523392;0.082192;0.547988
0.398964000;0.092747;0.088000;0.523392;0.082192;0.547988
0.401554000;0.092747;0.086689;0.523392;0.082192;0.547988
0.404145000;0.092747;0.084416;0.523392;0.082192;0.547988
0.406736000;0.089205;0.082588;0.523392;0.081993;0.547988
0.409326000;0.086393;0.080793;0.523392;0.081993;0.547988
0.411917000;0.086393;0.080793;0.523392;0.081851;0.547988
0.414508000;0.086393;0.080442;0.523392;0.081851;0.547988
0.417098000;0.086004;0.080380;0.523392;0.081851;0.547988
0.419689000;0.085987;0.080380;0.523392;0.081489;0.547988
0.422280000;0.085714;0.080380;0.523392;0.078489;0.547988
0.424870000;0.085714;0.080380;0.523392;0.078489;0.547988
0.427461000;0.085714;0.080380;0.523392;0.078489;0.547988
0.430052000;0.084754;0.080380;0.523392;0.078489;0.547988
0.432642000;0.084754;0.080380;0.523392;0.078489;0.547988
0.435233000;0.084754;0.080380;0.523392;0.078489;0.547988
0.437824000;0.084754;0.080380;0.523392;0.078489;0.547988
0.440415000;0.084754;0.080380;0.523392;0.078489;0.547988
0.443005000;0.084754;0.080380;0.523392;0.078489;0.547988
0.445596000;0.084754;0.080380;0.523392;0.078489;0.547988
0.448187000;0.084754;0.080380;0.523392;0.078489;0.547988
0.450777000;0.084754;0.080380;0.523392;0.078489;0.547988
0.453368000;0.081619;0.080380;0.523392;0.078489;0.547988
0.455959000;0.081619;0.080380;0.523392;0.078489;0.547988
0.458549000;0.081619;0.080380;0.523392;0.078489;0.547988
0.461140000;0.081619;0.080380;0.523392;0.078489;0.545455
0.463731000;0.081619;0.080380;0.523392;0.078489;0.545455
0.466321000;0.081619;0.080380;0.482838;0.078489;0.545455
0.468912000;0.081619;0.080380;0.482838;0.078489;0.545455
0.471503000;0.081619;0.080380;0.482838;0.078489;0.545455
0.474093000;0.081619;0.080380;0.482838;0.078489;0.545455
0.476684000;0.081619;0.080380;0.482838;0.078489;0.545455
0.479275000;0.081619;0.080380;0.482838;0.078489;0.545455
0.481865000;0.081619;0.080380;0.482838;0.078489;0.545455
0.484456000;0.081619;0.079091;0.482838;0.078489;0.545455
0.487047000;0.081619;0.079091;0.482838;0.078489;0.545455
0.489637000;0.081619;0.078586;0.482838;0.078489;0.545455
0.492228000;0.081619;0.077896;0.482838;0.078489;0.545455
0.494819000;0.081619;0.077896;0.482838;0.078489;0.545455
0.497409000;0.081619;0.077576;0.482838;0.078489;0.545455
0.500000000;0.081619;0.077107;0.482838;0.078489;0.512295
0.502591000;0.081619;0.077107;0.482838;0.078489;0.512295
0.505181000;0.081619;0.075973;0.482838;0.078489;0.512295
0.507772000;0.081619;0.075973;0.482838;0.078489;0.512295
0.510363000;0.081619;0.075973;0.482838;0.078489;0.512295
0.512953000;0.081619;0.075973;0.482838;0.078489;0.512295
0.515544000;0.081619;0.075973;0.482838;0.078489;0.512295
0.518135000;0.081619;0.075973;0.482838;0.078489;0.512295
0.520725000;0.081619;0.075973;0.482838;0.078489;0.512295
0.523316000;0.081619;0.075973;0.482838;0.078489;0.512295
0.525907000;0.081619;0.075973;0.482838;0.078489;0.512295
0.528497000;0.081619;0.075249;0.482838;0.078489;0.512295
0.531088000;0.081619;0.075229;0.482838;0.078489;0.512295
0.533679000;0.081619;0.074773;0.482838;0.078489;0.512295
0.536269000;0.081619;0.074087;0.482838;0.078489;0.512295
0.538860000;0.081619;0.073878;0.482838;0.078489;0.512295
0.541451000;0.081619;0.073878;0.482838;0.078489;0.512295
0.544041000;0.081619;0.073840;0.482838;0.078489;0.512295
0.546632000;0.081619;0.073322;0.482838;0.078489;0.512295
0.549223000;0.081619;0.073322;0.481153;0.078489;0.512295
0.551813000;0.081619;0.073322;0.481153;0.078445;0.512295
0.554404000;0.081619;0.073220;0.481153;0.078445;0.512295
0.556995000;0.081619;0.073220;0.481153;0.078445;0.512295
0.559585000;0.081619;0.073220;0.481153;0.078445;0.512295
0.562176000;0.081619;0.072843;0.481153;0.078445;0.512295
0.564767000;0.081619;0.072377;0.433824;0.078445;0.512295
0.567358000;0.081619;0.072230;0.433824;0.078445;0.512295
0.569948000;0.081619;0.071061;0.433824;0.078445;0.512295
0.572539000;0.081619;0.071061;0.433824;0.078445;0.512295
0.575130000;0.081619;0.070732;0.433824;0.078445;0.512295
0.577720000;0.081619;0.070732;0.433824;0.078445;0.512295
0.580311000;0.081619;0.070732;0.433824;0.078445;0.512295
0.582902000;0.081619;0.070732;0.433824;0.078445;0.512295
0.585492000;0.081619;0.070186;0.433824;0.078445;0.512295
0.588083000;0.081619;0.070128;0.433824;0.077001;0.512295
0.590674000;0.081619;0.070128;0.433824;0.076975;0.512295
0.593264000;0.081619;0.070128;0.433824;0.076974;0.512295
0.595855000;0.081619;0.070128;0.433824;0.076974;0.512295
0.598446000;0.081619;0.070128;0.433824;0.076974;0.512295
0.601036000;0.081619;0.069130;0.433824;0.076974;0.512295
0.603627000;0.081619;0.068711;0.433824;0.076418;0.512295
0.606218000;0.081619;0.067880;0.433824;0.076101;0.512295
0.608808000;0.081619;0.067880;0.433824;0.076101;0.512295
0.611399000;0.081619;0.067797;0.433824;0.074968;0.512295
0.613990000;0.081619;0.067797;0.397351;0.074787;0.512295
0.616580000;0.081619;0.067797;0.397351;0.074236;0.512295
0.619171000;0.081619;0.067797;0.397351;0.073994;0.512295
0.621762000;0.081619;0.067797;0.397351;0.073659;0.512295
0.624352000;0.081619;0.066703;0.376093;0.073659;0.512295
0.626943000;0.081619;0.066703;0.376093;0.073659;0.512295
0.629534000;0.081073;0.066703;0.376093;0.073659;0.512295
0.632124000;0.081073;0.066703;0.376093;0.072938;0.512295
0.634715000;0.081073;0.066703;0.376093;0.072938;0.512295
0.637306000;0.081073;0.066703;0.376093;0.071429;0.512295
0.639896000;0.081073;0.066703;0.376093;0.071429;0.512295
0.642487000;0.081073;0.066452;0.376093;0.070655;0.512295
0.645078000;0.081073;0.065845;0.376093;0.070220;0.512295
0.647668000;0.081073;0.065845;0.376093;0.070092;0.512295
0.650259000;0.081073;0.065845;0.376093;0.070092;0.508032
0.652850000;0.081073;0.065642;0.376093;0.068984;0.508032
0.655440000;0.081073;0.065586;0.376093;0.068806;0.508032
0.658031000;0.081073;0.065586;0.376093;0.068438;0.450253
0.660622000;0.081073;0.065586;0.376093;0.068438;0.450253
0.663212000;0.081073;0.065456;0.376093;0.068431;0.450253
0.665803000;0.081073;0.065394;0.376093;0.065982;0.450253
0.668394000;0.081073;0.065366;0.376093;0.065371;0.450253
0.670984000;0.081073;0.065026;0.356557;0.065371;0.450253
0.673575000;0.081073;0.063416;0.356557;0.064397;0.450253
0.676166000;0.081073;0.063416;0.356557;0.064397;0.450253
0.678756000;0.081073;0.063416;0.322384;0.063804;0.450253
0.681347000;0.081073;0.063416;0.322384;0.063804;0.450253
0.683938000;0.081073;0.063416;0.322384;0.063804;0.450253
0.686528000;0.081073;0.063276;0.322384;0.063804;0.450253
0.689119000;0.081073;0.061803;0.316290;0.063804;0.450253
0.691710000;0.081073;0.061709;0.294182;0.063492;0.450253
0.694301000;0.081073;0.061709;0.294182;0.063492;0.448105
0.696891000;0.081073;0.061709;0.279877;0.062384;0.448105
0.699482000;0.081073;0.061709;0.279877;0.062055;0.448105
0.702073000;0.081073;0.061709;0.279877;0.061636;0.448105
0.704663000;0.081073;0.061709;0.279877;0.061636;0.448105
0.707254000;0.081073;0.061709;0.279877;0.061542;0.418021
0.709845000;0.081073;0.061709;0.279877;0.061532;0.418021
0.712435000;0.081073;0.061709;0.276000;0.061211;0.418021
0.715026000;0.081057;0.061709;0.276000;0.061211;0.418021
0.717617000;0.080782;0.061709;0.266090;0.060946;0.418021
0.720207000;0.079539;0.061709;0.258961;0.060824;0.418021
0.722798000;0.079539;0.060665;0.258961;0.060824;0.418021
0.725389000;0.079539;0.060665;0.258961;0.060228;0.418021
0.727979000;0.079539;0.060665;0.258961;0.060228;0.418021
0.730570000;0.079539;0.060665;0.258961;0.060228;0.418021
0.733161000;0.079539;0.060665;0.258961;0.060228;0.418021
0.735751000;0.079539;0.058137;0.258961;0.060228;0.388518
0.738342000;0.079539;0.057751;0.258961;0.060228;0.388518
0.740933000;0.079539;0.057029;0.258961;0.059758;0.388518
0.743523000;0.079539;0.055480;0.258961;0.059723;0.388518
0.746114000;0.079539;0.053552;0.258961;0.059723;0.388518
0.748705000;0.079539;0.051428;0.258961;0.059723;0.388518
0.751295000;0.079539;0.051428;0.253718;0.057919;0.388518
0.753886000;0.079434;0.049983;0.234548;0.057887;0.388518
0.756477000;0.079434;0.049983;0.234548;0.057334;0.386544
0.759067000;0.078363;0.049958;0.234548;0.057182;0.386544
0.761658000;0.077939;0.049958;0.234548;0.057022;0.369811
0.764249000;0.077939;0.047581;0.234548;0.057022;0.343643
0.766839000;0.077043;0.047581;0.234548;0.057022;0.343643
0.769430000;0.076389;0.047581;0.233359;0.056995;0.343643
0.772021000;0.076254;0.046109;0.233359;0.056719;0.343643
0.774611000;0.075754;0.044895;0.229607;0.055742;0.343643
0.777202000;0.075754;0.042894;0.229607;0.055586;0.343643
0.779793000;0.075754;0.042126;0.229607;0.055402;0.318902
0.782383000;0.075754;0.042126;0.229607;0.055161;0.318902
0.784974000;0.075754;0.041007;0.229607;0.055161;0.298625
0.787565000;0.075754;0.039702;0.229607;0.055132;0.298625
0.790155000;0.072879;0.039322;0.223176;0.054846;0.298246
0.792746000;0.072376;0.039322;0.223176;0.054795;0.298246
0.795337000;0.072376;0.038688;0.223176;0.054795;0.276826
0.797927000;0.072376;0.038688;0.223176;0.054795;0.263023
0.800518000;0.072376;0.038688;0.223176;0.054344;0.260285
0.803109000;0.072376;0.038386;0.223176;0.053073;0.260285
0.805699000;0.072376;0.038386;0.223176;0.053008;0.257613
0.808290000;0.072350;0.038386;0.223176;0.052890;0.257613
0.810881000;0.072350;0.038265;0.221671;0.052324;0.257613
0.813472000;0.072350;0.038265;0.218081;0.052203;0.249404
0.816062000;0.071106;0.037961;0.218081;0.052162;0.242308
0.818653000;0.070916;0.037682;0.218081;0.052162;0.241406
0.821244000;0.069292;0.036832;0.212182;0.052130;0.237631
0.823834000;0.069292;0.036832;0.202677;0.051652;0.232796
0.826425000;0.069292;0.036832;0.190363;0.051652;0.221374
0.829016000;0.069292;0.036832;0.190363;0.051364;0.219959
0.831606000;0.069292;0.036805;0.183895;0.051253;0.219959
0.834197000;0.069292;0.036805;0.183895;0.050653;0.219959
0.836788000;0.069282;0.036805;0.182531;0.049639;0.219959
0.839378000;0.069282;0.036443;0.182531;0.049034;0.219959
0.841969000;0.069282;0.036443;0.182531;0.049034;0.213675
0.844560000;0.068599;0.036018;0.182531;0.048425;0.199023
0.847150000;0.068599;0.035962;0.181518;0.047744;0.193377
0.849741000;0.068599;0.035956;0.181518;0.046538;0.188679
0.852332000;0.068599;0.035956;0.181518;0.046538;0.188679
0.854922000;0.068323;0.035866;0.181518;0.046538;0.188679
0.857513000;0.067058;0.035134;0.178822;0.046301;0.185020
0.860104000;0.066774;0.035103;0.175661;0.046301;0.171795
0.862694000;0.066747;0.035016;0.175355;0.046301;0.171795
0.865285000;0.066747;0.034784;0.172076;0.046299;0.171795
0.867876000;0.065234;0.034762;0.170224;0.046186;0.171795
0.870466000;0.065234;0.033725;0.168416;0.046186;0.168084
0.873057000;0.065234;0.033327;0.168416;0.045235;0.165358
0.875648000;0.064843;0.033327;0.168327;0.045217;0.162892
0.878238000;0.064843;0.033327;0.167905;0.045086;0.158634
0.880829000;0.063240;0.032748;0.165695;0.045011;0.156610
0.883420000;0.063240;0.032748;0.165695;0.045011;0.149627
0.886010000;0.063240;0.032565;0.164137;0.044794;0.143577
0.888601000;0.060360;0.031958;0.164137;0.044586;0.142857
0.891192000;0.060360;0.031958;0.164137;0.044456;0.140365
0.893782000;0.060360;0.031697;0.164137;0.044310;0.140365
0.896373000;0.060360;0.031697;0.164137;0.044127;0.140365
0.898964000;0.060360;0.031567;0.160946;0.042624;0.140202
0.901554000;0.060360;0.031567;0.157609;0.038783;0.130926
0.904145000;0.060360;0.029796;0.157587;0.038146;0.130338
0.906736000;0.060082;0.029486;0.157587;0.036599;0.130338
0.909326000;0.060082;0.027986;0.154762;0.036599;0.130338
0.911917000;0.056592;0.027888;0.145998;0.036599;0.128327
0.914508000;0.054484;0.026854;0.145687;0.036599;0.123427
0.917098000;0.053996;0.026573;0.140309;0.034942;0.121274
0.919689000;0.052399;0.026236;0.137490;0.032626;0.118729
0.922280000;0.051579;0.023859;0.136923;0.031836;0.113884
0.924870000;0.047238;0.023711;0.132961;0.031836;0.106834
0.927461000;0.047238;0.022570;0.121810;0.031836;0.106834
0.930052000;0.047238;0.022534;0.117129;0.031739;0.106150
0.932642000;0.047238;0.022534;0.117018;0.030727;0.104759
0.935233000;0.044540;0.022432;0.117018;0.030341;0.104759
0.937824000;0.042648;0.022305;0.113019;0.030339;0.100920
0.940415000;0.040040;0.022305;0.112628;0.029132;0.100773
0.943005000;0.038433;0.022305;0.109741;0.029132;0.100773
0.945596000;0.038433;0.022199;0.109741;0.029132;0.100773
0.948187000;0.036371;0.022199;0.097392;0.028990;0.081806
0.950777000;0.032278;0.021488;0.085151;0.026788;0.077149
0.953368000;0.032278;0.020831;0.083636;0.025616;0.076619
0.955959000;0.030688;0.020593;0.074171;0.023591;0.075229
0.958549000;0.030688;0.019806;0.073720;0.023591;0.074793
0.961140000;0.030688;0.018728;0.063768;0.023265;0.074022
0.963731000;0.030688;0.017070;0.063753;0.021273;0.072191
0.966321000;0.030688;0.016456;0.054492;0.019791;0.065669
0.968912000;0.030688;0.015945;0.051079;0.017773;0.065248
0.971503000;0.028853;0.015945;0.044201;0.017546;0.064655
0.974093000;0.027205;0.015480;0.039335;0.016908;0.062982
0.976684000;0.027205;0.015480;0.037817;0.013957;0.062356
0.979275000;0.025748;0.015480;0.036717;0.013405;0.062356
0.981865000;0.022965;0.015480;0.034395;0.012929;0.062356
0.984456000;0.022965;0.014987;0.031757;0.011599;0.059329
0.987047000;0.021313;0.000000;0.030468;0.011599;0.056361
0.989637000;0.021313;0.000000;0.023545;0.011599;0.048737
0.992228000;0.016410;0.000000;0.023216;0.011450;0.043518
0.994819000;0.011778;0.000000;0.017340;0.011150;0.042610
0.997409000;0.011778;0.000000;0.000000;0.011150;0.030657
1.000000000;0.000000;0.000000;0.000000;0.000000;0.030657
