query_id	jaccard	bge_m3_hybrid	bm25	e5	e5_hybrid	source	half
562	0.3636363636363636	0.111111	0.071429	0.018182	0.041667	real_295	inferior
717	0.75	0.5	0.5	0.5	0.5	real_295	inferior
780	0.2	0.25	0.25	0.25	0.25	real_295	inferior
861	0.2777777777777778	0.111111	0.125	0.111111	0.125	real_295	inferior
923	0.8095238095238095	0.5	0.5	0.333333	0.5	real_295	superior
1097	0.5	0.03125	0.02439	0.019608	0.023256	real_295	inferior
1098	0.5	0.029412	0.02381	0.022727	0.02381	real_295	inferior
1275	0.4090909090909091	0.416667	0.416667	0.416667	0.416667	real_295	inferior
1276	0.4090909090909091	0.333333	0.333333	0.333333	0.333333	real_295	inferior
1324	0.2666666666666666	0.5	0.5	0.5	0.5	real_295	inferior
1331	0.391304347826087	0.076923	0.066667	0.058824	0.066667	real_295	inferior
1422	0.7142857142857143	1.0	1.0	1.0	1.0	real_295	inferior
1447	0.7647058823529411	0.111111	0.25	0.066667	0.125	real_295	superior
1448	0.6857142857142857	0.111111	0.333333	0.066667	0.166667	real_295	inferior
1457	0.7647058823529411	0.333333	0.416667	0.196429	0.266667	real_295	superior
1458	0.7647058823529411	0.291667	0.416667	0.196429	0.325	real_295	superior
1618	0.56	0.125	0.142857	0.111111	0.142857	real_295	inferior
1621	0.56	0.142857	0.142857	0.1	0.142857	real_295	inferior
1657	0.4210526315789473	0.5	0.5	0.5	0.5	real_295	inferior
1670	0.5555555555555556	0.5	0.5	0.5	0.5	real_295	inferior
1671	0.3636363636363636	0.5	0.5	0.5	0.5	real_295	inferior
1677	0.5	0.5	0.5	0.5	0.5	real_295	inferior
2017	0.6521739130434783	0.5	0.5	0.5	0.5	real_295	inferior
2214	0.4285714285714285	0.333333	0.333333	0.333333	0.333333	real_295	inferior
2235	0.8518518518518519	0.5	0.5	0.5	0.5	real_295	superior
2236	0.75	1.0	1.0	1.0	1.0	real_295	inferior
2316	0.8571428571428571	0.5	0.5	0.5	0.5	real_295	superior
2318	0.7857142857142857	0.333333	0.5	0.25	0.333333	real_295	superior
2398	0.8235294117647058	0.5	0.5	0.5	0.5	real_295	superior
2399	0.7777777777777778	0.5	0.5	0.5	0.5	real_295	superior
2477	0.8461538461538461	0.5	0.5	0.5	0.5	real_295	superior
2616	0.5	1.0	1.0	1.0	1.0	real_295	inferior
2694	1.0	0.5	0.5	1.0	0.5	real_295	superior
2764	0.8095238095238095	0.5	0.5	0.5	0.5	real_295	superior
2790	0.7142857142857143	1.0	1.0	1.0	1.0	real_295	inferior
2793	0.7142857142857143	1.0	1.0	1.0	1.0	real_295	inferior
2804	0.8260869565217391	1.0	1.0	1.0	1.0	real_295	superior
2805	0.8260869565217391	1.0	1.0	1.0	1.0	real_295	superior
2806	0.8333333333333334	1.0	1.0	1.0	1.0	real_295	superior
2881	0.59375	0.066667	0.071429	0.083333	0.090909	real_295	inferior
2888	0.8421052631578947	0.5	0.5	0.333333	0.5	real_295	superior
2891	0.7708333333333333	0.257576	0.238095	0.309524	0.257576	real_295	superior
2898	0.84	0.5	0.5	0.5	0.5	real_295	superior
3234	0.3529411764705882	0.5	0.5	0.333333	0.5	real_295	inferior
3246	0.68	0.5	0.5	0.5	0.5	real_295	inferior
3445	0.5882352941176471	0.076923	0.166667	0.043478	0.076923	real_295	inferior
3540	0.7777777777777778	0.5	0.5	0.125	0.25	real_295	superior
3541	0.7777777777777778	0.5	0.5	0.125	0.25	real_295	superior
3542	0.7777777777777778	0.5	0.5	0.125	0.2	real_295	superior
3543	0.7777777777777778	0.5	0.5	0.125	0.2	real_295	superior
3544	0.7777777777777778	0.5	0.5	0.125	0.2	real_295	superior
3546	0.7777777777777778	0.5	0.5	0.111111	0.2	real_295	superior
3547	0.8181818181818182	1.0	1.0	1.0	1.0	real_295	superior
3548	0.8181818181818182	1.0	1.0	1.0	1.0	real_295	superior
3549	0.8181818181818182	1.0	1.0	1.0	1.0	real_295	superior
3550	0.8181818181818182	1.0	1.0	1.0	1.0	real_295	superior
3551	0.8181818181818182	1.0	1.0	1.0	1.0	real_295	superior
3552	0.8181818181818182	1.0	1.0	1.0	1.0	real_295	superior
3553	0.8181818181818182	1.0	1.0	1.0	1.0	real_295	superior
3585	0.1818181818181818	0.25	0.125	0.25	0.25	real_295	inferior
3613	0.7	0.333333	0.333333	0.333333	0.333333	real_295	inferior
3614	0.7	0.333333	0.333333	0.333333	0.333333	real_295	inferior
3632	0.8	1.0	1.0	1.0	1.0	real_295	superior
3633	0.8	1.0	1.0	1.0	1.0	real_295	superior
3646	0.4761904761904761	0.5	0.5	0.5	0.5	real_295	inferior
4015	0.8571428571428571	0.5	0.5	0.5	0.5	real_295	superior
4033	0.8709677419354839	0.5	0.5	0.5	0.5	real_295	superior
4108	0.7777777777777778	1.0	1.0	1.0	1.0	real_295	superior
4124	0.5675675675675675	0.1	0.2	0.071429	0.1	real_295	inferior
4126	0.5675675675675675	0.1	0.2	0.071429	0.111111	real_295	inferior
4146	0.5277777777777778	0.090909	0.1	0.076923	0.083333	real_295	inferior
4147	0.5277777777777778	0.090909	0.1	0.083333	0.083333	real_295	inferior
4148	0.5277777777777778	0.083333	0.090909	0.071429	0.083333	real_295	inferior
4149	0.7666666666666667	0.5	0.5	0.5	0.5	real_295	superior
4150	0.5520667726550079	0.172619	0.180556	0.12406	0.158824	real_295	inferior
4151	0.4736842105263157	0.045455	0.04	0.038462	0.038462	real_295	inferior
4152	0.44326923076923075	0.05625	0.05625	0.052989	0.052989	real_295	inferior
4155	0.4736842105263157	0.055556	0.041667	0.037037	0.037037	real_295	inferior
4160	0.5	0.25	0.333333	0.333333	0.25	real_295	inferior
4196	0.5	1.0	1.0	1.0	1.0	real_295	inferior
4226	0.25	0.5	0.5	0.5	0.5	real_295	inferior
4246	0.375	0.5	0.5	0.5	0.5	real_295	inferior
4310	0.8095238095238095	0.5	0.5	0.333333	0.5	real_295	superior
4374	0.3333333333333333	0.333333	0.333333	0.333333	0.333333	real_295	inferior
4478	0.6923076923076923	0.5	0.5	0.5	0.5	real_295	inferior
4488	0.6666666666666666	1.0	1.0	1.0	1.0	real_295	inferior
4619	0.7142857142857143	0.5	0.5	0.5	0.5	real_295	inferior
4856	0.6	1.0	1.0	1.0	1.0	real_295	inferior
4888	0.8095238095238095	0.5	0.5	0.333333	0.5	real_295	superior
4903	0.7894736842105263	0.166667	0.5	0.1	0.166667	real_295	superior
4970	0.4230769230769231	0.2	0.111111	0.076923	0.111111	real_295	inferior
4977	0.5555555555555556	0.5	0.5	0.5	0.5	real_295	inferior
4984	0.2857142857142857	0.325	0.325	0.266667	0.325	real_295	inferior
5018	0.52	0.5	0.25	0.333333	0.25	real_295	inferior
5019	0.5833333333333334	0.25	0.166667	0.333333	0.25	real_295	inferior
5020	0.4705882352941176	0.5	0.5	0.333333	0.5	real_295	inferior
5022	0.5238095238095238	0.5	0.333333	0.333333	0.333333	real_295	inferior
5025	0.6521739130434783	0.25	0.2	0.2	0.2	real_295	inferior
5026	0.625	0.333333	0.25	0.333333	0.25	real_295	inferior
5027	0.5185185185185185	0.142857	0.125	0.142857	0.125	real_295	inferior
5028	0.5652173913043478	0.25	0.25	0.2	0.2	real_295	inferior
5029	0.6956521739130435	0.5	0.5	0.5	0.5	real_295	inferior
5041	0.64	0.333333	0.333333	0.333333	0.25	real_295	inferior
5287	0.875	0.5	0.5	0.25	0.5	real_295	superior
5289	0.9017857142857143	0.583333	0.583333	0.6	0.392857	real_295	superior
5290	0.9017857142857143	0.583333	0.583333	0.611111	0.392857	real_295	superior
5292	0.9017857142857143	0.583333	0.583333	0.576923	0.375	real_295	superior
5293	0.875	0.333333	0.5	0.125	0.25	real_295	superior
5294	0.875	0.5	0.5	0.142857	0.25	real_295	superior
5295	0.875	0.5	0.5	0.1	0.142857	real_295	superior
5296	0.875	0.5	0.5	0.076923	0.125	real_295	superior
5297	0.875	1.0	1.0	0.2	1.0	real_295	superior
5298	0.875	0.5	0.5	0.111111	0.166667	real_295	superior
5299	0.875	0.5	0.5	0.125	0.333333	real_295	superior
5300	0.875	0.5	0.5	0.333333	0.5	real_295	superior
5301	0.875	0.5	0.5	0.1	0.166667	real_295	superior
5302	0.875	0.5	0.5	0.25	0.333333	real_295	superior
5307	0.7931034482758621	0.5	0.5	0.125	0.333333	real_295	superior
5309	0.7931034482758621	0.5	0.5	0.2	0.5	real_295	superior
5310	0.7931034482758621	0.25	0.25	0.125	0.2	real_295	superior
5312	0.7931034482758621	0.5	0.5	0.125	0.2	real_295	superior
5338	0.5909090909090909	0.1	0.1	0.1	0.1	real_295	inferior
5474	0.7333333333333333	0.5	0.5	0.5	0.5	real_295	inferior
5553	0.8461538461538461	0.5	0.5	0.5	0.5	real_295	superior
5604	0.1818181818181818	1.0	1.0	1.0	1.0	real_295	inferior
5618	0.2916666666666667	1.0	0.333333	1.0	1.0	real_295	inferior
5620	0.2916666666666667	1.0	0.5	1.0	0.5	real_295	inferior
5915	0.25	1.0	1.0	1.0	1.0	real_295	inferior
5920	0.4166666666666667	1.0	1.0	1.0	1.0	real_295	inferior
6024	0.5555555555555556	1.0	1.0	0.5	1.0	real_295	inferior
6025	0.6666666666666666	0.5	0.5	0.333333	0.5	real_295	inferior
6026	0.75	0.5	0.5	0.5	0.5	real_295	inferior
6027	0.8095238095238095	0.5	0.5	0.333333	0.5	real_295	superior
6028	0.7777777777777778	0.5	0.5	0.5	0.5	real_295	superior
6029	0.8	1.0	1.0	1.0	1.0	real_295	superior
6030	0.8095238095238095	1.0	1.0	1.0	1.0	real_295	superior
6031	0.8095238095238095	1.0	1.0	1.0	1.0	real_295	superior
6032	0.8095238095238095	1.0	1.0	1.0	1.0	real_295	superior
6033	0.7142857142857143	1.0	1.0	1.0	1.0	real_295	inferior
6034	0.8	1.0	1.0	1.0	1.0	real_295	superior
6035	0.8	1.0	1.0	1.0	1.0	real_295	superior
6036	0.8	1.0	1.0	1.0	1.0	real_295	superior
6037	0.7777777777777778	1.0	1.0	1.0	1.0	real_295	superior
6038	0.8333333333333334	1.0	1.0	1.0	1.0	real_295	superior
6039	0.8333333333333334	1.0	1.0	1.0	1.0	real_295	superior
6040	0.6488095238095238	0.642857	0.642857	0.642857	0.642857	real_295	inferior
6041	0.6290509259259259	0.611111	0.642857	0.666667	0.666667	real_295	inferior
6042	0.6366666666666666	0.642857	0.642857	0.7	0.7	real_295	inferior
6043	0.84	1.0	1.0	1.0	1.0	real_295	superior
6044	0.5555555555555556	0.5	0.5	0.5	0.5	real_295	inferior
6045	0.5	0.5	0.5	0.5	0.5	real_295	inferior
6046	0.7333333333333333	1.0	1.0	1.0	1.0	real_295	inferior
6047	0.8461538461538461	1.0	1.0	1.0	1.0	real_295	superior
6048	0.4285714285714285	0.333333	0.333333	0.333333	0.333333	real_295	inferior
6049	0.4285714285714285	1.0	1.0	1.0	1.0	real_295	inferior
6050	0.6	1.0	1.0	1.0	1.0	real_295	inferior
6051	0.7333333333333333	0.5	0.5	0.5	0.5	real_295	inferior
6052	0.75	0.5	0.5	0.5	0.5	real_295	inferior
6053	0.8260869565217391	0.5	0.5	0.5	0.5	real_295	superior
6054	0.8518518518518519	0.5	0.5	0.5	0.5	real_295	superior
6055	0.75	1.0	1.0	1.0	1.0	real_295	inferior
6056	0.8461538461538461	0.5	0.5	0.5	0.5	real_295	superior
6057	0.8461538461538461	0.5	0.5	0.5	0.5	real_295	superior
6058	0.5	1.0	1.0	1.0	1.0	real_295	inferior
6059	0.7777777777777778	1.0	1.0	1.0	1.0	real_295	superior
6060	0.6363636363636364	1.0	1.0	1.0	1.0	real_295	inferior
6061	0.75	1.0	1.0	1.0	1.0	real_295	inferior
6062	0.8095238095238095	0.5	0.5	0.5	0.5	real_295	superior
6063	0.7142857142857143	1.0	1.0	1.0	1.0	real_295	inferior
6064	0.7142857142857143	1.0	1.0	1.0	1.0	real_295	inferior
6065	0.8260869565217391	1.0	1.0	1.0	1.0	real_295	superior
6066	0.8260869565217391	1.0	1.0	1.0	1.0	real_295	superior
6067	0.8333333333333334	1.0	1.0	1.0	1.0	real_295	superior
6068	0.8918918918918919	1.0	1.0	1.0	1.0	real_295	superior
6069	0.8974358974358975	1.0	1.0	1.0	1.0	real_295	superior
6070	0.9047619047619048	1.0	1.0	1.0	1.0	real_295	superior
6071	0.3333333333333333	1.0	1.0	1.0	1.0	real_295	inferior
6072	0.5	1.0	1.0	1.0	1.0	real_295	inferior
6073	0.7777777777777778	0.5	0.5	0.125	0.25	real_295	superior
6074	0.7777777777777778	0.5	0.5	0.125	0.25	real_295	superior
6075	0.7777777777777778	0.5	0.5	0.125	0.2	real_295	superior
6076	0.7777777777777778	0.5	0.5	0.125	0.2	real_295	superior
6077	0.7777777777777778	0.5	0.5	0.125	0.2	real_295	superior
6078	0.7777777777777778	0.5	0.5	0.125	0.2	real_295	superior
6079	0.7777777777777778	0.5	0.5	0.111111	0.2	real_295	superior
6080	0.8181818181818182	1.0	1.0	1.0	1.0	real_295	superior
6081	0.8181818181818182	1.0	1.0	1.0	1.0	real_295	superior
6082	0.8181818181818182	1.0	1.0	1.0	1.0	real_295	superior
6083	0.8181818181818182	1.0	1.0	1.0	1.0	real_295	superior
6084	0.8181818181818182	1.0	1.0	1.0	1.0	real_295	superior
6085	0.8181818181818182	1.0	1.0	1.0	1.0	real_295	superior
6086	0.8181818181818182	1.0	1.0	1.0	1.0	real_295	superior
6087	0.4015151515151515	0.75	0.666667	0.7	0.7	real_295	inferior
6088	0.3549783549783549	1.0	0.805556	0.805556	0.805556	real_295	inferior
6089	0.6363636363636364	1.0	1.0	1.0	1.0	real_295	inferior
6090	0.6666666666666666	0.5	0.5	0.5	0.5	real_295	inferior
6091	0.6363636363636364	0.5	0.5	0.5	0.5	real_295	inferior
6092	0.8	1.0	1.0	1.0	1.0	real_295	superior
6093	0.8	1.0	1.0	1.0	1.0	real_295	superior
6094	0.7894736842105263	1.0	1.0	1.0	1.0	real_295	superior
6095	0.8	1.0	1.0	1.0	1.0	real_295	superior
6096	0.8095238095238095	1.0	1.0	1.0	1.0	real_295	superior
6097	0.8	1.0	1.0	1.0	1.0	real_295	superior
6098	0.8	1.0	1.0	1.0	1.0	real_295	superior
6099	0.8095238095238095	1.0	1.0	0.5	1.0	real_295	superior
6100	0.8181818181818182	1.0	1.0	0.5	1.0	real_295	superior
6101	0.8181818181818182	1.0	1.0	1.0	1.0	real_295	superior
6102	0.8181818181818182	1.0	1.0	1.0	1.0	real_295	superior
6103	0.8181818181818182	1.0	1.0	1.0	1.0	real_295	superior
6104	0.8260869565217391	1.0	1.0	1.0	1.0	real_295	superior
6105	0.7647058823529411	1.0	1.0	1.0	1.0	real_295	superior
6106	0.7647058823529411	1.0	1.0	1.0	1.0	real_295	superior
6107	0.5555555555555556	1.0	1.0	0.5	1.0	real_295	inferior
6108	0.6	1.0	1.0	0.333333	0.5	real_295	inferior
6109	0.6363636363636364	1.0	1.0	0.333333	0.5	real_295	inferior
6110	0.8571428571428571	0.5	0.5	0.5	0.5	real_295	superior
6111	0.8709677419354839	0.5	0.5	0.5	0.5	real_295	superior
6112	0.8571428571428571	0.5	0.5	0.333333	0.5	real_295	superior
6113	0.8571428571428571	0.5	0.5	0.333333	0.5	real_295	superior
6114	0.8461538461538461	1.0	1.0	0.333333	0.5	real_295	superior
6115	0.7777777777777778	1.0	1.0	1.0	1.0	real_295	superior
6116	0.5	0.25	0.333333	0.333333	0.25	real_295	inferior
6117	0.7894736842105263	1.0	1.0	1.0	1.0	real_295	superior
6118	0.7894736842105263	1.0	1.0	1.0	1.0	real_295	superior
6119	0.7894736842105263	1.0	1.0	1.0	1.0	real_295	superior
6120	0.7894736842105263	1.0	1.0	1.0	1.0	real_295	superior
6121	0.7894736842105263	1.0	1.0	1.0	1.0	real_295	superior
6122	0.7894736842105263	1.0	1.0	1.0	1.0	real_295	superior
6123	0.7894736842105263	1.0	1.0	1.0	1.0	real_295	superior
6124	0.7894736842105263	1.0	1.0	1.0	1.0	real_295	superior
6125	0.7894736842105263	1.0	1.0	1.0	1.0	real_295	superior
6126	0.7894736842105263	1.0	1.0	1.0	1.0	real_295	superior
6127	0.7894736842105263	1.0	1.0	1.0	1.0	real_295	superior
6128	0.7894736842105263	1.0	1.0	1.0	1.0	real_295	superior
6129	0.7894736842105263	1.0	1.0	1.0	1.0	real_295	superior
6130	0.7894736842105263	1.0	1.0	1.0	1.0	real_295	superior
6131	0.7894736842105263	1.0	1.0	1.0	1.0	real_295	superior
6132	0.8	1.0	1.0	0.5	1.0	real_295	superior
6133	0.8	1.0	1.0	1.0	1.0	real_295	superior
6134	0.8	1.0	1.0	0.333333	1.0	real_295	superior
6135	0.8	1.0	1.0	1.0	1.0	real_295	superior
6136	0.8	0.5	1.0	1.0	1.0	real_295	superior
6137	0.8	0.5	1.0	1.0	1.0	real_295	superior
6138	0.8	1.0	1.0	1.0	1.0	real_295	superior
6139	0.8	1.0	1.0	1.0	1.0	real_295	superior
6140	0.8	1.0	1.0	1.0	1.0	real_295	superior
6141	0.8	1.0	1.0	0.5	1.0	real_295	superior
6142	0.8	1.0	1.0	1.0	1.0	real_295	superior
6143	0.8	1.0	1.0	1.0	1.0	real_295	superior
6144	0.8	1.0	1.0	1.0	1.0	real_295	superior
6145	0.8	1.0	1.0	1.0	1.0	real_295	superior
6146	0.8	1.0	1.0	1.0	1.0	real_295	superior
6147	0.8	1.0	1.0	1.0	1.0	real_295	superior
6148	0.8	1.0	1.0	1.0	1.0	real_295	superior
6149	0.8	1.0	1.0	1.0	1.0	real_295	superior
6150	0.8	1.0	1.0	1.0	1.0	real_295	superior
6151	0.8	1.0	1.0	1.0	1.0	real_295	superior
6152	0.8	1.0	1.0	1.0	1.0	real_295	superior
6153	0.8	1.0	1.0	1.0	1.0	real_295	superior
6154	0.8	1.0	1.0	1.0	1.0	real_295	superior
6155	0.8	1.0	1.0	1.0	1.0	real_295	superior
6156	0.8	1.0	1.0	1.0	1.0	real_295	superior
6157	0.7647058823529411	1.0	1.0	1.0	1.0	real_295	superior
6158	0.7647058823529411	1.0	1.0	1.0	1.0	real_295	superior
6159	0.7647058823529411	1.0	1.0	1.0	1.0	real_295	superior
6160	0.7647058823529411	1.0	1.0	1.0	1.0	real_295	superior
6161	0.5	1.0	1.0	1.0	1.0	real_295	inferior
6162	0.4285714285714285	1.0	1.0	1.0	1.0	real_295	inferior
6163	0.5	1.0	1.0	0.5	1.0	real_295	inferior
6164	0.3333333333333333	1.0	1.0	0.333333	0.5	real_295	inferior
6165	0.8095238095238095	0.5	0.5	1.0	0.5	real_295	superior
6166	0.6923076923076923	0.5	0.5	0.5	0.5	real_295	inferior
6174	0.6666666666666666	1.0	1.0	1.0	1.0	real_295	inferior
6175	0.7142857142857143	0.5	0.5	0.5	0.5	real_295	inferior
6176	0.7647058823529411	1.0	1.0	1.0	1.0	real_295	superior
6177	0.6	1.0	1.0	1.0	1.0	real_295	inferior
6178	0.6923076923076923	1.0	1.0	1.0	1.0	real_295	inferior
6179	0.5405701754385965	0.625	0.611111	0.7	0.666667	real_295	inferior
6180	0.75	1.0	1.0	1.0	1.0	real_295	inferior
6181	0.875	0.5	0.5	0.25	0.5	real_295	superior
6182	0.875	0.5	0.5	0.111111	0.2	real_295	superior
6183	0.9345238095238096	1.0	1.0	0.777778	0.866667	real_295	superior
6184	0.9345238095238096	1.0	1.0	0.791667	0.866667	real_295	superior
6185	0.875	0.5	0.5	0.111111	0.166667	real_295	superior
6186	0.9345238095238096	1.0	1.0	0.75	0.809524	real_295	superior
6187	0.875	0.5	0.5	0.142857	0.25	real_295	superior
6188	0.875	0.5	0.5	0.166667	0.333333	real_295	superior
6189	0.875	0.5	0.5	0.111111	0.2	real_295	superior
6190	0.875	0.5	0.5	0.076923	0.125	real_295	superior
6191	0.875	1.0	1.0	0.2	1.0	real_295	superior
6192	0.875	0.5	0.5	0.142857	0.5	real_295	superior
6193	0.875	0.5	0.5	0.166667	0.5	real_295	superior
6194	0.875	0.5	0.5	0.333333	0.5	real_295	superior
6195	0.875	0.5	0.5	0.111111	0.2	real_295	superior
6196	0.875	0.5	0.5	0.25	0.333333	real_295	superior
6197	0.8666666666666667	1.0	1.0	1.0	1.0	real_295	superior
6198	0.9199999999999999	1.0	1.0	0.833333	1.0	real_295	superior
6199	0.8461538461538461	0.5	0.5	0.5	0.5	real_295	superior
6214	0.8518518518518519	1.0	1.0	0.25	0.5	real_295	superior
6215	0.84	1.0	1.0	1.0	1.0	real_295	superior
6216	0.7934472934472934	1.0	1.0	1.0	1.0	real_295	superior
6217	0.7903703703703704	1.0	1.0	0.833333	1.0	real_295	superior
6218	0.7777777777777778	1.0	1.0	0.5	1.0	real_295	superior
6219	0.8666666666666667	1.0	1.0	1.0	1.0	real_295	superior
6220	0.8095238095238095	1.0	1.0	1.0	1.0	real_295	superior
6221	0.7671814671814672	0.833333	0.833333	1.0	0.833333	real_295	superior
6222	0.8095238095238095	1.0	1.0	1.0	1.0	real_295	superior
6223	0.8095238095238095	1.0	1.0	1.0	1.0	real_295	superior
6224	0.8181818181818182	1.0	1.0	1.0	1.0	real_295	superior
6225	0.8181818181818182	1.0	1.0	1.0	1.0	real_295	superior
6441	0.1034482758620689	1.0	1.0	0.5	1.0	real_295	inferior
6443	0.6	1.0	1.0	1.0	1.0	real_295	inferior
6444	0.875	1.0	1.0	0.25	1.0	real_295	superior
6451	0.8181818181818182	1.0	1.0	1.0	1.0	real_295	superior
6452	0.8181818181818182	1.0	1.0	1.0	1.0	real_295	superior
6453	0.8095238095238095	0.5	1.0	0.2	0.5	real_295	superior
6454	0.8095238095238095	0.5	1.0	0.25	0.5	real_295	superior
6455	0.8095238095238095	0.333333	1.0	0.25	0.5	real_295	superior
6456	0.8181818181818182	0.5	1.0	0.333333	1.0	real_295	superior
6457	0.8181818181818182	0.5	1.0	0.333333	0.5	real_295	superior
6458	0.6890909090909092	0.625	0.625	0.266667	0.611111	real_295	inferior
6459	0.6198877665544332	0.479167	0.472222	0.219444	0.460039	real_295	inferior
6460	0.8181818181818182	1.0	1.0	1.0	1.0	real_295	superior
6461	0.7894736842105263	1.0	1.0	1.0	1.0	real_295	superior
6462	0.7777777777777778	1.0	1.0	1.0	1.0	real_295	superior
6463	0.8666666666666667	1.0	1.0	1.0	1.0	real_295	superior
6464	0.6363636363636364	0.5	0.5	0.5	0.5	real_295	inferior
6465	0.8857142857142857	1.0	1.0	1.0	1.0	real_295	superior
6466	0.8518518518518519	1.0	1.0	1.0	1.0	real_295	superior
6467	0.8666666666666667	1.0	1.0	1.0	1.0	real_295	superior
6468	0.8	1.0	1.0	1.0	1.0	real_295	superior
6469	0.75	1.0	1.0	1.0	1.0	real_295	inferior
6470	0.75	1.0	1.0	1.0	1.0	real_295	inferior
6471	0.7142857142857143	1.0	1.0	1.0	1.0	real_295	inferior
6472	0.6	1.0	1.0	1.0	1.0	real_295	inferior
6473	0.6	1.0	1.0	1.0	1.0	real_295	inferior
6474	0.8518518518518519	0.5	0.5	0.5	0.5	real_295	superior
6475	0.8823529411764706	1.0	1.0	1.0	1.0	real_295	superior
6476	0.8095238095238095	1.0	1.0	1.0	1.0	real_295	superior
6477	0.8461538461538461	1.0	1.0	1.0	1.0	real_295	superior
6478	0.8333333333333334	1.0	1.0	1.0	1.0	real_295	superior
6479	0.6666666666666666	1.0	1.0	0.5	1.0	real_295	inferior
6480	0.5555555555555556	0.5	0.5	0.5	0.5	real_295	inferior
6481	0.6363636363636364	1.0	1.0	1.0	1.0	real_295	inferior
6482	0.6363636363636364	1.0	1.0	1.0	1.0	real_295	inferior
6483	0.7647058823529411	0.5	0.5	0.5	0.5	real_295	superior
6484	0.8095238095238095	1.0	1.0	1.0	1.0	real_295	superior
6485	0.7142857142857143	1.0	1.0	1.0	1.0	real_295	inferior
6486	0.7142857142857143	1.0	1.0	1.0	1.0	real_295	inferior
6487	0.3333333333333333	1.0	1.0	1.0	1.0	real_295	inferior
6488	0.8	1.0	1.0	0.125	0.25	real_295	superior
6489	0.75	1.0	1.0	1.0	1.0	real_295	inferior
6490	0.7333333333333333	1.0	1.0	1.0	1.0	real_295	inferior
6491	0.7333333333333333	1.0	1.0	1.0	1.0	real_295	inferior
6492	0.7333333333333333	1.0	1.0	1.0	1.0	real_295	inferior
6493	0.7333333333333333	1.0	1.0	1.0	1.0	real_295	inferior
6494	0.7333333333333333	1.0	1.0	1.0	1.0	real_295	inferior
6495	0.7333333333333333	1.0	1.0	1.0	1.0	real_295	inferior
6496	0.7647058823529411	1.0	1.0	1.0	1.0	real_295	superior
6497	0.7894736842105263	1.0	1.0	1.0	1.0	real_295	superior
6498	0.6363636363636364	1.0	1.0	1.0	1.0	real_295	inferior
6499	0.7647058823529411	1.0	1.0	1.0	1.0	real_295	superior
6500	0.6	1.0	1.0	1.0	1.0	real_295	inferior
6501	0.7766367137355584	1.0	1.0	0.75	0.833333	real_295	superior
6502	0.7704447632711622	1.0	1.0	0.75	1.0	real_295	superior
6503	0.6096256684491979	0.583333	0.666667	0.525	0.555556	real_295	inferior
6504	0.7894736842105263	1.0	1.0	0.2	0.333333	real_295	superior
6505	0.8333333333333334	1.0	1.0	1.0	1.0	real_295	superior
6506	0.8095238095238095	1.0	1.0	1.0	1.0	real_295	superior
6507	0.7333333333333333	1.0	1.0	1.0	1.0	real_295	inferior
6508	0.7777777777777778	1.0	1.0	1.0	1.0	real_295	superior
6509	0.7894736842105263	1.0	1.0	1.0	1.0	real_295	superior
6510	0.7777777777777778	1.0	1.0	1.0	1.0	real_295	superior
6511	0.7894736842105263	1.0	1.0	1.0	1.0	real_295	superior
6512	0.7333333333333333	1.0	1.0	1.0	1.0	real_295	inferior
6513	0.75	1.0	1.0	1.0	1.0	real_295	inferior
6514	0.7777777777777778	1.0	1.0	1.0	1.0	real_295	superior
6515	0.3642857142857142	1.0	1.0	1.0	1.0	real_295	inferior
6516	0.44999999999999996	1.0	1.0	0.7	0.833333	real_295	inferior
6517	0.6220095693779903	0.611111	0.666667	0.22549	0.361111	real_295	inferior
6518	0.7894736842105263	1.0	1.0	0.333333	0.5	real_295	superior
6519	0.7894736842105263	1.0	1.0	1.0	1.0	real_295	superior
6520	0.8	1.0	1.0	1.0	1.0	real_295	superior
6521	0.7333333333333333	1.0	1.0	1.0	1.0	real_295	inferior
6522	0.6	1.0	1.0	0.5	1.0	real_295	inferior
6523	0.5531309297912713	0.625	0.6	0.6	0.6	real_295	inferior
6524	0.8666666666666667	1.0	1.0	0.5	1.0	real_295	superior
6525	0.6923076923076923	1.0	1.0	1.0	1.0	real_295	inferior
6526	0.8260869565217391	0.5	0.5	0.5	0.5	real_295	superior
6527	0.6	1.0	1.0	1.0	1.0	real_295	inferior
6528	0.8	1.0	1.0	1.0	1.0	real_295	superior
6529	0.8	1.0	1.0	1.0	1.0	real_295	superior
6530	0.7894736842105263	1.0	1.0	1.0	1.0	real_295	superior
6531	0.7894736842105263	1.0	1.0	1.0	1.0	real_295	superior
6532	0.7894736842105263	1.0	1.0	1.0	1.0	real_295	superior
6533	0.7777777777777778	1.0	1.0	1.0	1.0	real_295	superior
6534	0.7777777777777778	1.0	1.0	1.0	1.0	real_295	superior
6535	0.7777777777777778	1.0	1.0	1.0	1.0	real_295	superior
6536	0.7777777777777778	1.0	1.0	1.0	1.0	real_295	superior
6537	0.7777777777777778	1.0	1.0	1.0	1.0	real_295	superior
6538	0.7894736842105263	1.0	1.0	1.0	1.0	real_295	superior
6539	0.7894736842105263	1.0	1.0	1.0	1.0	real_295	superior
6540	0.7894736842105263	1.0	1.0	1.0	1.0	real_295	superior
6541	0.7894736842105263	1.0	1.0	1.0	1.0	real_295	superior
6542	0.7894736842105263	1.0	1.0	1.0	1.0	real_295	superior
6543	0.8	1.0	1.0	1.0	1.0	real_295	superior
6544	0.7894736842105263	1.0	1.0	1.0	1.0	real_295	superior
6545	0.6363636363636364	1.0	1.0	1.0	1.0	real_295	inferior
6546	0.8518518518518519	1.0	1.0	1.0	1.0	real_295	superior
6547	0.8518518518518519	1.0	1.0	1.0	1.0	real_295	superior
6548	0.8518518518518519	1.0	1.0	1.0	1.0	real_295	superior
6549	0.8518518518518519	1.0	1.0	1.0	1.0	real_295	superior
6550	0.8518518518518519	1.0	1.0	1.0	1.0	real_295	superior
6551	0.8095238095238095	1.0	1.0	0.333333	0.5	real_295	superior
6552	0.2	1.0	1.0	1.0	1.0	real_295	inferior
6553	0.5	1.0	1.0	1.0	1.0	real_295	inferior
6554	0.8095238095238095	1.0	1.0	1.0	1.0	real_295	superior
6555	0.8333333333333334	1.0	1.0	1.0	1.0	real_295	superior
6556	0.8620689655172413	1.0	1.0	1.0	1.0	real_295	superior
6557	0.8260869565217391	1.0	1.0	1.0	1.0	real_295	superior
6558	0.797979797979798	1.0	1.0	1.0	1.0	real_295	superior
6559	0.6666666666666666	1.0	1.0	1.0	1.0	real_295	inferior
6560	0.7647058823529411	1.0	1.0	1.0	1.0	real_295	superior
6561	0.7647058823529411	1.0	1.0	1.0	1.0	real_295	superior
6562	0.7647058823529411	1.0	1.0	1.0	1.0	real_295	superior
6563	0.7647058823529411	1.0	1.0	1.0	1.0	real_295	superior
6564	0.7647058823529411	1.0	1.0	1.0	1.0	real_295	superior
6565	0.7647058823529411	1.0	1.0	1.0	1.0	real_295	superior
6566	0.7647058823529411	1.0	1.0	1.0	1.0	real_295	superior
6567	0.7647058823529411	1.0	1.0	1.0	1.0	real_295	superior
6568	0.8260869565217391	1.0	1.0	1.0	1.0	real_295	superior
6569	0.4285714285714285	1.0	1.0	1.0	1.0	real_295	inferior
6570	0.8571428571428571	1.0	1.0	1.0	1.0	real_295	superior
6571	0.8620689655172413	1.0	1.0	0.5	1.0	real_295	superior
6572	0.7592857142857143	0.625	0.642857	0.642857	0.625	real_295	superior
6573	0.8918918918918919	1.0	1.0	0.333333	0.5	real_295	superior
6574	0.8918918918918919	1.0	1.0	0.333333	0.5	real_295	superior
6575	0.7708333333333333	0.257576	0.238095	0.309524	0.257576	real_295	superior
6576	0.875	1.0	1.0	1.0	1.0	real_295	superior
6577	0.8709677419354839	1.0	1.0	0.5	1.0	real_295	superior
6578	0.875	1.0	1.0	0.2	0.5	real_295	superior
6579	0.8078149920255183	0.6	0.642857	0.238095	0.6	real_295	superior
6580	0.84	0.5	0.5	0.5	0.5	real_295	superior
6581	0.8461538461538461	0.5	0.5	0.5	0.5	real_295	superior
6582	0.7645811240721102	0.591667	0.633333	0.277778	0.466667	real_295	superior
6583	0.7771415105455403	0.566667	0.633333	0.194444	0.338828	real_295	superior
6584	0.7990455991516437	0.611111	0.7	0.305556	0.611111	real_295	superior
6585	0.5555555555555556	1.0	1.0	1.0	1.0	real_295	inferior
6586	0.8823529411764706	0.5	0.5	0.5	0.5	real_295	superior
6587	0.8888888888888888	0.5	0.5	1.0	0.5	real_295	superior
6588	0.84	0.5	0.5	1.0	0.5	real_295	superior
6589	0.8518518518518519	1.0	1.0	1.0	1.0	real_295	superior
6590	0.8518518518518519	1.0	1.0	1.0	1.0	real_295	superior
6591	0.8518518518518519	1.0	1.0	1.0	1.0	real_295	superior
6592	0.8518518518518519	1.0	1.0	1.0	1.0	real_295	superior
6593	0.7894736842105263	1.0	1.0	0.333333	0.5	real_295	superior
6594	0.7894736842105263	1.0	1.0	0.333333	1.0	real_295	superior
6595	0.6	1.0	1.0	1.0	1.0	real_295	inferior
6596	0.7333333333333333	1.0	1.0	1.0	1.0	real_295	inferior
6597	0.8181818181818182	1.0	1.0	1.0	1.0	real_295	superior
6598	0.8	1.0	1.0	1.0	1.0	real_295	superior
6599	0.8095238095238095	1.0	1.0	1.0	1.0	real_295	superior
6600	0.8095238095238095	1.0	1.0	1.0	1.0	real_295	superior
6601	0.4285714285714285	1.0	1.0	1.0	1.0	real_295	inferior
6602	0.7647058823529411	1.0	1.0	1.0	1.0	real_295	superior
6603	0.5	1.0	1.0	0.5	1.0	real_295	inferior
6604	0.8518518518518519	1.0	1.0	1.0	1.0	real_295	superior
6605	0.6826434277414669	1.0	1.0	1.0	1.0	real_295	inferior
6606	0.672160243407708	1.0	1.0	1.0	1.0	real_295	inferior
6607	0.7145061728395062	1.0	1.0	1.0	1.0	real_295	inferior
6608	0.8181818181818182	1.0	1.0	1.0	1.0	real_295	superior
6609	0.6923076923076923	1.0	1.0	1.0	1.0	real_295	inferior
6610	0.8518518518518519	1.0	1.0	1.0	1.0	real_295	superior
6611	0.8095238095238095	1.0	1.0	1.0	1.0	real_295	superior
6612	0.8181818181818182	1.0	1.0	0.5	1.0	real_295	superior
6613	0.7894736842105263	1.0	1.0	0.5	1.0	real_295	superior
6614	0.8181818181818182	1.0	1.0	0.5	1.0	real_295	superior
6615	0.6363636363636364	1.0	1.0	1.0	1.0	real_295	inferior
6616	0.75	0.5	0.5	0.333333	0.5	real_295	inferior
6617	0.7777777777777778	0.5	0.5	0.5	0.5	real_295	superior
6618	0.8095238095238095	1.0	1.0	1.0	1.0	real_295	superior
6619	0.2	1.0	1.0	1.0	1.0	real_295	inferior
6620	0.5555555555555556	1.0	1.0	1.0	1.0	real_295	inferior
6621	0.5	1.0	1.0	1.0	1.0	real_295	inferior
6622	0.4285714285714285	0.5	0.5	0.5	0.5	real_295	inferior
6623	0.5555555555555556	1.0	1.0	1.0	1.0	real_295	inferior
6624	0.8095238095238095	1.0	1.0	1.0	1.0	real_295	superior
6625	0.4285714285714285	1.0	1.0	1.0	1.0	real_295	inferior
6626	0.5	1.0	1.0	1.0	1.0	real_295	inferior
6627	0.6666666666666666	1.0	1.0	1.0	1.0	real_295	inferior
6628	0.8974358974358975	1.0	1.0	1.0	1.0	real_295	superior
6629	0.902439024390244	1.0	1.0	1.0	1.0	real_295	superior
6630	0.5	1.0	1.0	1.0	1.0	real_295	inferior
6631	0.6923076923076923	1.0	1.0	1.0	1.0	real_295	inferior
6632	0.6923076923076923	1.0	1.0	1.0	1.0	real_295	inferior
6633	0.6923076923076923	1.0	1.0	1.0	1.0	real_295	inferior
6634	0.6923076923076923	1.0	1.0	1.0	1.0	real_295	inferior
6635	0.6923076923076923	1.0	1.0	1.0	1.0	real_295	inferior
6636	0.6923076923076923	1.0	1.0	1.0	1.0	real_295	inferior
6637	0.6923076923076923	1.0	1.0	1.0	1.0	real_295	inferior
6638	0.6923076923076923	1.0	1.0	1.0	1.0	real_295	inferior
6639	0.7777777777777778	1.0	1.0	1.0	1.0	real_295	superior
6640	0.8	1.0	1.0	1.0	1.0	real_295	superior
6641	0.8181818181818182	1.0	1.0	1.0	1.0	real_295	superior
6642	0.8181818181818182	0.5	1.0	0.333333	0.5	real_295	superior
6643	0.7894736842105263	1.0	1.0	1.0	1.0	real_295	superior
6644	0.8095238095238095	0.5	0.5	0.333333	0.5	real_295	superior
6645	0.8095238095238095	0.5	0.5	0.333333	0.5	real_295	superior
6646	0.7894736842105263	0.166667	0.5	0.1	0.166667	real_295	superior
6647	0.8	1.0	1.0	1.0	1.0	real_295	superior
6648	0.8181818181818182	1.0	1.0	1.0	1.0	real_295	superior
6649	0.8	1.0	1.0	1.0	1.0	real_295	superior
6650	0.8620689655172413	0.5	0.5	0.5	0.5	real_295	superior
6651	0.8620689655172413	0.5	0.5	0.333333	0.5	real_295	superior
6652	0.8620689655172413	0.5	0.5	0.333333	0.5	real_295	superior
6653	0.8620689655172413	0.5	0.5	0.333333	0.5	real_295	superior
6654	0.5555555555555556	1.0	1.0	1.0	1.0	real_295	inferior
6694	0.5	1.0	1.0	1.0	1.0	real_295	inferior
6695	0.6666666666666666	1.0	1.0	1.0	1.0	real_295	inferior
6696	0.7683982683982684	1.0	1.0	1.0	1.0	real_295	superior
6697	0.7683982683982684	1.0	1.0	1.0	1.0	real_295	superior
6698	0.875	1.0	1.0	1.0	1.0	real_295	superior
6699	0.875	1.0	1.0	0.083333	0.2	real_295	superior
6700	0.875	1.0	1.0	0.071429	0.2	real_295	superior
6701	0.8198529411764706	0.291667	0.666667	0.196429	0.291667	real_295	superior
6702	0.875	0.5	1.0	0.2	0.333333	real_295	superior
6703	0.6507936507936508	1.0	1.0	1.0	1.0	real_295	inferior
6704	0.6507936507936508	1.0	1.0	1.0	1.0	real_295	inferior
6705	0.7894736842105263	1.0	1.0	1.0	1.0	real_295	superior
6713	0.8666666666666667	1.0	1.0	1.0	1.0	real_295	superior
6825	0.8095238095238095	1.0	1.0	1.0	1.0	real_295	superior
6826	0.7894736842105263	1.0	1.0	1.0	1.0	real_295	superior
6827	0.7894736842105263	1.0	1.0	1.0	1.0	real_295	superior
6828	0.7894736842105263	1.0	1.0	1.0	1.0	real_295	superior
6829	0.7894736842105263	1.0	1.0	1.0	1.0	real_295	superior
6830	0.7894736842105263	1.0	1.0	1.0	1.0	real_295	superior
6831	0.8095238095238095	1.0	1.0	1.0	1.0	real_295	superior
6832	0.6666666666666666	1.0	1.0	1.0	1.0	real_295	inferior
6908	0.2142857142857142	0.333333	0.5	0.1	0.166667	real_295	inferior
6910	0.2142857142857142	0.333333	0.5	0.1	0.166667	real_295	inferior
6912	0.2142857142857142	0.333333	0.5	0.1	0.166667	real_295	inferior
7062	0.8846153846153846	0.5	0.5	1.0	0.5	real_295	superior
7074	0.8846153846153846	0.5	0.5	1.0	0.5	real_295	superior
7796	0.8095238095238095	1.0	1.0	1.0	1.0	real_295	superior
7797	0.8095238095238095	1.0	1.0	1.0	1.0	real_295	superior
7798	0.8095238095238095	1.0	1.0	1.0	1.0	real_295	superior
7799	0.8095238095238095	1.0	1.0	1.0	1.0	real_295	superior
7800	0.8095238095238095	1.0	1.0	1.0	1.0	real_295	superior
7804	0.8095238095238095	1.0	1.0	1.0	1.0	real_295	superior
7805	0.7647058823529411	1.0	1.0	1.0	1.0	real_295	superior
7806	0.7647058823529411	1.0	1.0	1.0	1.0	real_295	superior
7807	0.8	1.0	1.0	0.5	1.0	real_295	superior
7808	0.8	1.0	1.0	0.5	1.0	real_295	superior
7809	0.5681818181818181	0.833333	0.833333	0.833333	0.833333	real_295	inferior
7810	0.5681818181818181	0.833333	0.833333	0.833333	0.833333	real_295	inferior
7811	0.6363636363636364	1.0	1.0	1.0	1.0	real_295	inferior
7812	0.84	1.0	1.0	1.0	1.0	real_295	superior
7813	0.84	1.0	1.0	1.0	1.0	real_295	superior
7814	0.7647058823529411	1.0	1.0	1.0	1.0	real_295	superior
7815	0.7647058823529411	1.0	1.0	1.0	1.0	real_295	superior
7816	0.7777777777777778	1.0	1.0	1.0	1.0	real_295	superior
7817	0.7647058823529411	1.0	1.0	1.0	1.0	real_295	superior
7818	0.7333333333333333	1.0	1.0	0.333333	1.0	real_295	inferior
7819	0.7142857142857143	1.0	1.0	1.0	1.0	real_295	inferior
7820	0.7647058823529411	1.0	1.0	1.0	1.0	real_295	superior
7821	0.75	1.0	1.0	0.333333	1.0	real_295	inferior
7822	0.7647058823529411	1.0	1.0	1.0	1.0	real_295	superior
7823	0.8333333333333334	1.0	1.0	1.0	1.0	real_295	superior
7824	0.75	1.0	1.0	1.0	1.0	real_295	inferior
7825	0.8	1.0	1.0	1.0	1.0	real_295	superior
7826	0.7647058823529411	1.0	1.0	0.5	1.0	real_295	superior
7939	0.6006191950464397	0.583333	0.571429	0.590909	0.576923	real_295	inferior
7940	0.7894736842105263	1.0	1.0	1.0	1.0	real_295	superior
7941	0.7894736842105263	1.0	1.0	1.0	1.0	real_295	superior
7942	0.7894736842105263	1.0	1.0	1.0	1.0	real_295	superior
7943	0.7894736842105263	1.0	1.0	1.0	1.0	real_295	superior
7944	0.7333333333333333	1.0	1.0	1.0	1.0	real_295	inferior
8068	0.6875	0.5	1.0	1.0	1.0	real_295	inferior
8179	0.0769230769230769	0.166667	0.04	0.018519	0.25	real_295	inferior
8180	0.074074074074074	0.125	0.066667	0.0	0.032258	real_295	inferior
8252	0.238095238095238	1.0	1.0	1.0	1.0	real_295	inferior
8461	0.7777777777777778	1.0	1.0	1.0	1.0	real_295	superior
8615	0.7	1.0	1.0	1.0	1.0	real_295	inferior
8617	0.75	1.0	1.0	1.0	1.0	real_295	inferior
8618	0.7	1.0	1.0	1.0	1.0	real_295	inferior
8619	0.7	1.0	1.0	1.0	1.0	real_295	inferior
8620	0.7	1.0	1.0	1.0	1.0	real_295	inferior
9151	0.2	1.0	1.0	1.0	1.0	real_295	inferior
9362	0.375	0.5	0.5	0.2	0.5	real_295	inferior
9758	0.1607142857142857	1.0	1.0	0.125	0.333333	real_295	inferior
10240	0.3	1.0	1.0	1.0	1.0	real_295	inferior
10242	0.1111111111111111	1.0	1.0	1.0	1.0	real_295	inferior
10799	0.238095238095238	1.0	1.0	1.0	1.0	real_295	inferior
11214	0.1578947368421052	1.0	1.0	1.0	1.0	real_295	inferior
11225	0.1041666666666666	1.0	1.0	0.166667	1.0	real_295	inferior
11269	0.5555555555555556	1.0	1.0	1.0	1.0	real_295	inferior
11361	0.75	1.0	1.0	1.0	1.0	real_295	inferior
11414	0.3125	1.0	1.0	1.0	1.0	real_295	inferior
11478	0.4	0.5	0.5	0.333333	0.5	real_295	inferior
11703	0.3809523809523809	1.0	1.0	1.0	1.0	real_295	inferior
11726	0.1363636363636363	1.0	1.0	1.0	1.0	real_295	inferior
11767	0.7878787878787878	0.5	0.5	0.076923	0.142857	real_295	superior
11828	0.7	1.0	0.5	1.0	0.5	real_295	inferior
11872	0.1147540983606557	0.083333	1.0	0.142857	0.5	real_295	inferior
11873	0.1111111111111111	0.0625	0.333333	0.052632	0.166667	real_295	inferior
11874	0.0967741935483871	0.058824	0.2	0.083333	0.2	real_295	inferior
11922	0.5217391304347826	1.0	1.0	1.0	1.0	real_295	inferior
12299	0.5	1.0	1.0	1.0	1.0	real_295	inferior
12567	0.2222222222222222	0.2	0.041667	1.0	0.25	real_295	inferior
12639	0.0707070707070707	1.0	1.0	0.5	1.0	real_295	inferior
12644	0.1385507246376811	1.0	1.0	1.0	1.0	real_295	inferior
12694	0.1111111111111111	1.0	1.0	1.0	1.0	real_295	inferior
12740	0.55	1.0	1.0	1.0	1.0	real_295	inferior
12741	0.55	1.0	1.0	1.0	1.0	real_295	inferior
12811	0.12508858965272854	0.833333	0.583333	1.0	0.833333	real_295	inferior
12852	0.0625	0.166667	0.142857	1.0	0.5	real_295	inferior
12886	0.2727272727272727	1.0	1.0	0.125	1.0	real_295	inferior
13379	0.1794871794871795	1.0	1.0	1.0	1.0	real_295	inferior
13380	0.3333333333333333	1.0	0.5	1.0	0.5	real_295	inferior
13500	0.7142857142857143	1.0	1.0	1.0	1.0	real_295	inferior
13744	0.3333333333333333	1.0	1.0	0.166667	1.0	real_295	inferior
13798	0.25	1.0	1.0	1.0	1.0	real_295	inferior
13899	0.3333333333333333	1.0	1.0	0.166667	1.0	real_295	inferior
13953	0.25	1.0	1.0	1.0	1.0	real_295	inferior
14195	0.1111111111111111	0.5	1.0	1.0	1.0	real_295	inferior
14452	0.325	0.291667	0.416667	0.196429	0.266667	real_295	inferior
14547	0.4736842105263157	1.0	1.0	0.5	1.0	real_295	inferior
14589	0.4736842105263157	1.0	1.0	1.0	1.0	real_295	inferior
14792	0.8518518518518519	1.0	1.0	0.5	1.0	real_295	superior
14793	0.8518518518518519	1.0	1.0	0.5	1.0	real_295	superior
15048	0.8518518518518519	1.0	1.0	0.25	0.5	real_295	superior
15058	0.16	0.333333	0.333333	0.333333	0.333333	real_295	inferior
15501	0.65	0.5	0.5	1.0	0.5	real_295	inferior
15551	0.3076923076923077	1.0	1.0	1.0	1.0	real_295	inferior
15552	0.1428571428571428	1.0	1.0	1.0	1.0	real_295	inferior
15653	0.6366666666666666	0.642857	0.642857	0.7	0.7	real_295	inferior
15983	0.2631578947368421	1.0	1.0	1.0	1.0	real_295	inferior
16554	0.3774193548387097	0.225	0.375	0.291667	0.333333	real_295	inferior
16560	0.2758620689655172	0.5	0.5	0.111111	0.25	real_295	inferior
16647	0.3333333333333333	1.0	1.0	0.166667	1.0	real_295	inferior
16677	0.9090909090909092	1.0	1.0	1.0	1.0	real_295	superior
16700	0.4166666666666667	1.0	1.0	0.5	1.0	real_295	inferior
16718	0.5	1.0	1.0	1.0	1.0	real_295	inferior
16719	0.3902439024390244	1.0	1.0	1.0	1.0	real_295	inferior
16756	0.2857142857142857	0.333333	0.5	0.125	0.25	real_295	inferior
17084	0.1904761904761904	1.0	1.0	1.0	1.0	real_295	inferior
17146	0.0	1.0	0.5	1.0	1.0	real_295	inferior
17644	0.1578947368421052	1.0	0.333333	0.333333	0.333333	real_295	inferior
17653	0.15	0.5	0.333333	0.071429	0.166667	real_295	inferior
17672	0.7333333333333333	1.0	1.0	1.0	1.0	real_295	inferior
17673	0.7333333333333333	1.0	1.0	1.0	1.0	real_295	inferior
17691	0.1818181818181818	0.142857	0.125	0.5	0.333333	real_295	inferior
18044	0.0833333333333333	0.25	0.5	0.058824	0.5	real_295	inferior
18185	0.0833333333333333	0.25	0.5	0.058824	0.5	real_295	inferior
18329	0.0833333333333333	0.25	0.5	0.058824	0.5	real_295	inferior
18476	0.2	1.0	1.0	1.0	1.0	real_295	inferior
18956	0.0769230769230769	0.0625	0.0	0.029412	0.014286	real_295	inferior
19895	0.3333333333333333	1.0	1.0	0.125	0.5	real_295	inferior
19971	0.2361111111111111	1.0	0.242857	0.583333	1.0	real_295	inferior
20212	0.16	1.0	0.5	0.333333	0.5	real_295	inferior
21117	0.5	1.0	1.0	1.0	1.0	real_295	inferior
21414	0.0909090909090909	0.125	0.013158	0.0	0.0	real_295	inferior
21415	0.0909090909090909	0.125	0.0125	0.0	0.0	real_295	inferior
21562	0.8	1.0	1.0	1.0	1.0	real_295	superior
21733	0.3846153846153846	0.5	0.333333	1.0	0.5	real_295	inferior
22510	0.2608695652173913	1.0	1.0	1.0	1.0	real_295	inferior
22530	0.1111111111111111	1.0	1.0	1.0	1.0	real_295	inferior
22964	0.2857142857142857	1.0	1.0	0.166667	1.0	real_295	inferior
23063	0.7777777777777778	0.5	0.5	0.125	0.2	real_295	superior
23234	0.5	1.0	1.0	0.5	1.0	real_295	inferior
23626	0.5652173913043478	1.0	1.0	1.0	1.0	real_295	inferior
23778	0.5517241379310345	0.333333	1.0	1.0	1.0	real_295	inferior
24285	0.16	1.0	1.0	1.0	1.0	real_295	inferior
24287	0.1538461538461538	1.0	1.0	1.0	1.0	real_295	inferior
24312	0.16	1.0	1.0	0.5	1.0	real_295	inferior
24316	0.1538461538461538	1.0	1.0	0.166667	1.0	real_295	inferior
24318	0.1538461538461538	1.0	1.0	1.0	1.0	real_295	inferior
24319	0.16	1.0	1.0	0.25	1.0	real_295	inferior
24321	0.16	1.0	0.5	1.0	1.0	real_295	inferior
24323	0.1538461538461538	1.0	1.0	1.0	1.0	real_295	inferior
24325	0.1538461538461538	1.0	1.0	0.333333	1.0	real_295	inferior
24326	0.1538461538461538	1.0	1.0	1.0	1.0	real_295	inferior
24343	0.1538461538461538	1.0	1.0	0.333333	1.0	real_295	inferior
24344	0.1538461538461538	1.0	1.0	1.0	1.0	real_295	inferior
25130	0.5769230769230769	1.0	1.0	1.0	1.0	real_295	inferior
25143	0.2777777777777778	1.0	1.0	1.0	1.0	real_295	inferior
25272	0.875	1.0	1.0	0.2	1.0	real_295	superior
25273	0.8181818181818182	0.5	0.5	0.083333	0.111111	real_295	superior
25486	0.0	1.0	1.0	0.5	1.0	real_295	inferior
25488	0.1111111111111111	0.5	1.0	1.0	1.0	real_295	inferior
27741	0.1111111111111111	0.076923	0.142857	0.045455	0.090909	real_295	inferior
27742	0.1176470588235294	0.142857	0.142857	0.090909	0.142857	real_295	inferior
28014	0.1428571428571428	1.0	0.5	1.0	0.5	real_295	inferior
28027	0.1904761904761904	1.0	1.0	1.0	1.0	real_295	inferior
28111	0.1875	0.142857	0.142857	0.25	0.2	real_295	inferior
28524	0.1875	0.142857	0.142857	0.25	0.2	real_295	inferior
28819	0.1875	0.142857	0.142857	0.25	0.2	real_295	inferior
29044	0.3888888888888889	1.0	1.0	1.0	1.0	real_295	inferior
29181	0.3888888888888889	1.0	1.0	1.0	1.0	real_295	inferior
29849	0.3888888888888889	1.0	1.0	1.0	1.0	real_295	inferior
30473	0.1052631578947368	0.333333	0.333333	0.0	0.047619	real_295	inferior
31369	0.25	1.0	1.0	1.0	1.0	real_295	inferior
31784	0.2083333333333333	0.5	0.5	0.5	0.5	real_295	inferior
31785	0.3043478260869565	0.25	0.2	0.333333	0.5	real_295	inferior
32180	0.1818181818181818	1.0	1.0	1.0	1.0	real_295	inferior
32184	0.4	1.0	1.0	1.0	1.0	real_295	inferior
32825	0.7727272727272727	1.0	1.0	1.0	1.0	real_295	superior
32830	0.625	1.0	1.0	1.0	1.0	real_295	inferior
32831	0.7727272727272727	1.0	1.0	1.0	1.0	real_295	superior
33592	0.1702127659574468	1.0	1.0	1.0	1.0	real_295	inferior
33596	0.1794871794871795	1.0	1.0	1.0	1.0	real_295	inferior
34158	0.3888888888888889	1.0	1.0	1.0	1.0	real_295	inferior
34521	0.2	1.0	1.0	0.5	1.0	real_295	inferior
34631	0.4166666666666667	1.0	1.0	1.0	1.0	real_295	inferior
34670	0.5217391304347826	0.5	0.5	0.5	0.5	real_295	inferior
34737	0.4545454545454545	1.0	1.0	0.5	1.0	real_295	inferior
34757	0.6666666666666666	0.5	0.5	0.333333	0.5	real_295	inferior
34799	0.7586206896551724	0.125	0.2	0.1	0.125	real_295	superior
34800	0.7586206896551724	0.142857	0.2	0.1	0.125	real_295	superior
34805	0.7586206896551724	0.125	0.166667	0.1	0.125	real_295	superior
34810	0.8518518518518519	0.5	1.0	0.25	0.5	real_295	superior
34811	0.8518518518518519	0.5	1.0	0.5	1.0	real_295	superior
34812	0.8518518518518519	0.5	1.0	0.2	0.5	real_295	superior
34835	0.7777777777777778	0.5	0.5	0.5	0.5	real_295	superior
34972	0.625	0.5	0.5	0.5	0.5	real_295	inferior
34973	0.6470588235294118	0.5	0.5	0.5	0.5	real_295	inferior
34976	0.75	0.5	0.5	0.5	0.5	real_295	inferior
34997	0.8461538461538461	0.5	0.5	0.5	0.5	real_295	superior
35019	0.8235294117647058	0.5	0.5	0.5	0.5	real_295	superior
35020	0.7777777777777778	0.5	0.5	0.5	0.5	real_295	superior
35140	0.7272727272727273	0.5	0.333333	0.5	0.333333	real_295	inferior
35143	0.8461538461538461	1.0	1.0	1.0	1.0	real_295	superior
35260	0.4	0.25	0.5	0.333333	0.5	real_295	inferior
35267	0.6666666666666666	1.0	1.0	1.0	1.0	real_295	inferior
35275	0.7727272727272727	1.0	1.0	1.0	1.0	real_295	superior
35276	0.782608695652174	1.0	1.0	1.0	1.0	real_295	superior
35294	0.5	0.5	1.0	0.333333	0.5	real_295	inferior
35304	0.5384615384615384	1.0	1.0	0.333333	0.5	real_295	inferior
35423	0.375	0.5	0.5	0.5	0.5	real_295	inferior
35436	0.6521739130434783	0.333333	0.333333	0.333333	0.333333	real_295	inferior
35561	0.7142857142857143	0.5	0.5	0.5	0.5	real_295	inferior
35612	0.3333333333333333	0.2	0.2	0.1	0.142857	real_295	inferior
35613	0.3846153846153846	0.25	0.142857	0.2	0.2	real_295	inferior
35614	0.4230769230769231	0.333333	0.25	0.25	0.25	real_295	inferior
35637	0.875	0.5	0.5	0.166667	0.25	real_295	superior
35638	1.0	1.0	1.0	1.0	1.0	real_295	superior
35639	0.9375	1.0	1.0	0.611111	0.666667	real_295	superior
35640	0.9375	0.833333	1.0	0.576923	0.75	real_295	superior
35641	0.875	0.5	0.5	0.1	0.166667	real_295	superior
35642	0.9375	1.0	1.0	0.571429	0.625	real_295	superior
35643	0.9375	1.0	1.0	0.552632	0.625	real_295	superior
35644	0.9375	1.0	1.0	0.576923	0.625	real_295	superior
35645	0.9375	1.0	1.0	0.611111	0.7	real_295	superior
35646	0.9375	1.0	1.0	0.6	1.0	real_295	superior
35647	0.9375	1.0	1.0	0.583333	0.625	real_295	superior
35648	0.9375	1.0	1.0	0.7	0.833333	real_295	superior
35649	0.7333333333333333	0.2	0.111111	0.125	0.111111	real_295	inferior
35650	0.896551724137931	0.666667	0.625	0.666667	0.625	real_295	superior
35651	0.896551724137931	0.642857	0.625	0.625	0.625	real_295	superior
35652	1.0	1.0	0.5	1.0	1.0	real_295	superior
35653	0.896551724137931	0.7	0.625	0.625	0.625	real_295	superior
35659	0.5333333333333333	1.0	1.0	1.0	1.0	real_295	inferior
35660	0.5333333333333333	1.0	1.0	1.0	1.0	real_295	inferior
35661	0.6	1.0	1.0	1.0	1.0	real_295	inferior
35662	0.5333333333333333	1.0	1.0	1.0	1.0	real_295	inferior
35663	0.8125	0.5	0.25	1.0	0.5	real_295	superior
35677	1.0	1.0	1.0	1.0	1.0	real_295	superior
35678	1.0	1.0	1.0	1.0	1.0	real_295	superior
35679	0.8181818181818182	1.0	0.333333	1.0	1.0	real_295	superior
35680	0.8666666666666667	0.5	0.2	1.0	0.5	real_295	superior
35681	1.0	1.0	1.0	1.0	1.0	real_295	superior
35682	1.0	1.0	1.0	1.0	1.0	real_295	superior
35683	1.0	1.0	1.0	1.0	1.0	real_295	superior
35684	1.0	1.0	1.0	1.0	1.0	real_295	superior
35688	0.7333333333333333	0.5	0.5	0.5	0.5	real_295	inferior
35694	1.0	1.0	1.0	1.0	1.0	real_295	superior
35695	0.8571428571428571	1.0	1.0	1.0	1.0	real_295	superior
35696	0.8571428571428571	0.5	0.5	1.0	0.5	real_295	superior
35697	0.625	1.0	0.5	0.5	0.5	real_295	inferior
35698	0.625	1.0	0.333333	1.0	1.0	real_295	inferior
35699	0.8333333333333334	1.0	1.0	1.0	1.0	real_295	superior
35700	0.8461538461538461	0.5	0.5	0.5	0.5	real_295	superior
35704	1.0	1.0	1.0	1.0	1.0	real_295	superior
35705	1.0	1.0	1.0	1.0	1.0	real_295	superior
35706	0.8666666666666667	1.0	1.0	1.0	1.0	real_295	superior
36363	0.08	0.058824	0.0625	0.0	0.029412	real_295	inferior
37327	0.25	0.1	0.016393	0.021277	0.017544	real_295	inferior
37328	0.25	0.1	0.016129	0.027027	0.022222	real_295	inferior
37368	0.2666666666666666	0.142857	0.016129	1.0	0.2	real_295	inferior
37628	0.3333333333333333	1.0	1.0	1.0	1.0	real_295	inferior
38492	0.3157894736842105	1.0	1.0	0.25	1.0	real_295	inferior
38612	0.8181818181818182	1.0	1.0	0.25	1.0	real_295	superior
39016	0.8	0.5	1.0	1.0	1.0	real_295	superior
39234	0.7272727272727273	1.0	0.333333	0.5	0.5	real_295	inferior
39408	0.1304347826086956	1.0	1.0	0.25	1.0	real_295	inferior
39524	0.7493506493506494	0.833333	0.833333	1.0	1.0	real_295	inferior
39652	0.7272727272727273	1.0	0.333333	0.5	0.5	real_295	inferior
40372	0.3333333333333333	1.0	1.0	1.0	1.0	real_295	inferior
40451	0.1428571428571428	0.416667	0.047379	1.0	0.196429	real_295	inferior
40839	0.125	1.0	1.0	1.0	1.0	real_295	inferior
41058	0.1785714285714285	1.0	1.0	1.0	1.0	real_295	inferior
41106	0.1851851851851851	1.0	1.0	1.0	1.0	real_295	inferior
41215	0.2608695652173913	1.0	1.0	1.0	1.0	real_295	inferior
41222	0.9285714285714286	1.0	1.0	1.0	1.0	real_295	superior
41249	0.4166666666666667	1.0	1.0	1.0	1.0	real_295	inferior
41573	0.8461538461538461	1.0	0.5	1.0	0.5	real_295	superior
41574	0.8461538461538461	1.0	0.333333	1.0	1.0	real_295	superior
41575	0.8947368421052632	1.0	1.0	1.0	1.0	real_295	superior
41576	0.8947368421052632	1.0	1.0	1.0	1.0	real_295	superior
41609	0.8536585365853658	1.0	1.0	1.0	1.0	real_295	superior
41627	0.8095238095238095	0.5	0.5	0.333333	0.5	real_295	superior
41628	0.8095238095238095	0.5	0.5	0.333333	0.5	real_295	superior
41632	0.7586206896551724	0.125	0.2	0.1	0.125	real_295	superior
41647	0.5555555555555556	0.5	0.5	0.5	0.5	real_295	inferior
41721	0.1428571428571428	0.416667	0.047379	1.0	0.196429	real_295	inferior
42035	0.1764705882352941	1.0	1.0	0.020408	0.142857	real_295	inferior
42249	0.1818181818181818	1.0	1.0	0.0	0.05	real_295	inferior
42356	0.3529411764705882	1.0	1.0	1.0	1.0	real_295	inferior
42413	0.3684210526315789	1.0	1.0	1.0	1.0	real_295	inferior
42418	0.5454545454545454	1.0	1.0	1.0	1.0	real_295	inferior
42671	0.0967741935483871	1.0	1.0	1.0	1.0	real_295	inferior
43314	0.7	1.0	1.0	1.0	1.0	real_295	inferior
43524	0.0967741935483871	1.0	1.0	1.0	1.0	real_295	inferior
43777	0.3333333333333333	1.0	1.0	1.0	1.0	real_295	inferior
44710	0.2608695652173913	1.0	1.0	1.0	1.0	real_295	inferior
44888	0.1578947368421052	1.0	1.0	1.0	1.0	real_295	inferior
44898	0.3684210526315789	0.5	1.0	1.0	1.0	real_295	inferior
44899	0.28	0.333333	1.0	1.0	1.0	real_295	inferior
45236	0.3684210526315789	0.5	1.0	1.0	1.0	real_295	inferior
45285	0.1666666666666666	1.0	1.0	1.0	1.0	real_295	inferior
45473	0.7903703703703704	1.0	1.0	0.833333	1.0	real_295	superior
46125	0.2666666666666666	0.5	0.5	0.5	1.0	real_295	inferior
46152	0.1724137931034483	0.242857	1.0	0.333333	0.833333	real_295	inferior
46153	0.1724137931034483	0.142857	0.5	0.333333	1.0	real_295	inferior
46211	0.0952380952380952	0.5	0.5	0.5	0.5	real_295	inferior
46466	0.5555555555555556	0.5	0.5	0.5	0.5	real_295	inferior
47089	0.12	1.0	0.5	0.5	0.5	real_295	inferior
47189	0.4375	1.0	1.0	1.0	1.0	real_295	inferior
47223	0.5833333333333334	1.0	1.0	1.0	1.0	real_295	inferior
47243	0.3636363636363636	1.0	1.0	1.0	1.0	real_295	inferior
47291	0.3636363636363636	1.0	1.0	1.0	1.0	real_295	inferior
47965	0.4375	1.0	1.0	1.0	1.0	real_295	inferior
48004	0.8095238095238095	0.5	0.5	0.333333	0.5	real_295	superior
48065	0.4444444444444444	1.0	1.0	0.5	1.0	real_295	inferior
48078	0.6363636363636364	1.0	1.0	1.0	1.0	real_295	inferior
48089	0.6366666666666666	0.642857	0.642857	0.666667	0.642857	real_295	inferior
48090	0.8518518518518519	1.0	1.0	1.0	1.0	real_295	superior
48154	0.8	1.0	1.0	1.0	1.0	real_295	superior
48269	0.35	1.0	1.0	0.333333	1.0	real_295	inferior
48550	0.34375	0.5	0.5	0.5	0.5	real_295	inferior
48551	0.34375	0.5	0.5	1.0	0.5	real_295	inferior
50871	0.3888888888888889	0.25	0.166667	1.0	0.5	real_295	inferior
13645	0.2916666666666667	0.5	0.333333	0.5	0.5	synthetic_4851	inferior
13646	0.2916666666666667	0.333333	0.333333	0.333333	1.0	synthetic_4851	inferior
13647	0.28	0.5	0.333333	1.0	0.5	synthetic_4851	inferior
13648	0.2916666666666667	0.5	0.166667	0.166667	0.166667	synthetic_4851	inferior
13649	0.2916666666666667	0.333333	0.166667	0.5	0.25	synthetic_4851	inferior
13650	0.2307692307692307	0.333333	0.2	0.2	0.2	synthetic_4851	inferior
13675	0.2916666666666667	1.0	0.333333	0.333333	0.5	synthetic_4851	inferior
13676	0.2916666666666667	1.0	0.333333	0.25	0.5	synthetic_4851	inferior
13677	0.2307692307692307	1.0	0.333333	0.5	0.5	synthetic_4851	inferior
13678	0.2916666666666667	0.5	0.25	0.333333	0.5	synthetic_4851	inferior
13679	0.2916666666666667	0.333333	0.25	0.2	0.25	synthetic_4851	inferior
13680	0.2142857142857142	1.0	0.25	0.5	1.0	synthetic_4851	inferior
13681	0.32	1.0	1.0	0.5	1.0	synthetic_4851	inferior
13682	0.32	1.0	1.0	0.2	0.5	synthetic_4851	inferior
13683	0.25	0.25	0.142857	0.5	0.2	synthetic_4851	inferior
13684	0.32	0.25	0.5	0.2	0.25	synthetic_4851	inferior
13685	0.32	0.5	0.5	0.166667	0.333333	synthetic_4851	inferior
13686	0.25	0.125	0.125	0.166667	0.125	synthetic_4851	inferior
13651	0.0909090909090909	0.833333	0.277778	0.325	0.45	synthetic_4851	inferior
13652	0.2608695652173913	0.590909	0.517241	0.571429	0.590909	synthetic_4851	inferior
13653	0.2272727272727272	1.0	0.3	0.833333	1.0	synthetic_4851	inferior
13654	0.4	0.666667	0.666667	0.45	1.0	synthetic_4851	inferior
13655	0.375	0.666667	0.611111	0.75	0.666667	synthetic_4851	inferior
13656	0.4666666666666667	0.833333	0.215909	0.333333	0.5	synthetic_4851	inferior
13657	0.4	0.75	0.236111	0.7	0.666667	synthetic_4851	inferior
13658	0.25	0.666667	0.125	0.75	0.392857	synthetic_4851	inferior
13659	0.375	0.75	0.125	0.266667	0.340909	synthetic_4851	inferior
13660	0.4666666666666667	0.611111	0.587302	0.569444	0.7	synthetic_4851	inferior
13661	0.6428571428571429	0.866667	0.587302	0.611111	0.7	synthetic_4851	inferior
13662	0.6	0.805556	0.633333	0.916667	0.916667	synthetic_4851	inferior
13687	0.4666666666666667	0.833333	0.75	0.7	0.833333	synthetic_4851	inferior
13688	0.6428571428571429	0.833333	0.75	0.7	0.833333	synthetic_4851	inferior
13689	0.6	0.833333	0.75	1.0	1.0	synthetic_4851	inferior
13690	0.4666666666666667	0.75	0.75	0.75	0.833333	synthetic_4851	inferior
13691	0.6428571428571429	0.75	0.75	0.833333	0.833333	synthetic_4851	inferior
13692	0.6	0.833333	0.75	1.0	1.0	synthetic_4851	inferior
13663	0.4117647058823529	0.611111	1.0	0.625	0.75	synthetic_4851	inferior
13664	0.5625	0.555556	1.0	0.558824	0.666667	synthetic_4851	inferior
13665	0.4117647058823529	1.0	1.0	0.583333	1.0	synthetic_4851	inferior
13666	0.4	1.0	1.0	1.0	1.0	synthetic_4851	inferior
13667	0.4666666666666667	1.0	1.0	1.0	1.0	synthetic_4851	inferior
13668	0.5714285714285714	1.0	1.0	1.0	1.0	synthetic_4851	inferior
13669	0.4545454545454545	0.571429	1.0	0.666667	1.0	synthetic_4851	inferior
13670	0.8	0.833333	1.0	0.75	1.0	synthetic_4851	superior
13671	0.5	0.547619	0.642857	0.6	0.833333	synthetic_4851	inferior
13672	0.3846153846153846	1.0	1.0	1.0	1.0	synthetic_4851	inferior
13673	0.9	0.777778	0.633333	0.6	0.698413	synthetic_4851	superior
13674	0.4545454545454545	0.916667	0.633333	0.866667	0.916667	synthetic_4851	inferior
